{
    "name": "root",
    "gauges": {
        "Seeker.Policy.Entropy.mean": {
            "value": 1.1906263828277588,
            "min": 1.1741377115249634,
            "max": 1.6091985702514648,
            "count": 66
        },
        "Seeker.Policy.Entropy.sum": {
            "value": 5715.0068359375,
            "min": 5069.482421875,
            "max": 16478.193359375,
            "count": 66
        },
        "Seeker.Environment.LessonNumber.TrainingArea.mean": {
            "value": 2.0,
            "min": 2.0,
            "max": 2.0,
            "count": 66
        },
        "Seeker.Environment.LessonNumber.TrainingArea.sum": {
            "value": 2.0,
            "min": 2.0,
            "max": 2.0,
            "count": 66
        },
        "Seeker.Environment.EpisodeLength.mean": {
            "value": 44.69090909090909,
            "min": 34.780141843971634,
            "max": 48.24038461538461,
            "count": 66
        },
        "Seeker.Environment.EpisodeLength.sum": {
            "value": 4916.0,
            "min": 4185.0,
            "max": 5581.0,
            "count": 66
        },
        "Seeker.Self-play.ELO.mean": {
            "value": 122.3587104235385,
            "min": -74.38897708108205,
            "max": 1129.1725091801425,
            "count": 66
        },
        "Seeker.Self-play.ELO.sum": {
            "value": 13459.458146589235,
            "min": -8331.565433081189,
            "max": 159213.3237944001,
            "count": 66
        },
        "Seeker.Step.mean": {
            "value": 329984.0,
            "min": 4995.0,
            "max": 329984.0,
            "count": 66
        },
        "Seeker.Step.sum": {
            "value": 329984.0,
            "min": 4995.0,
            "max": 329984.0,
            "count": 66
        },
        "Seeker.Policy.ExtrinsicValueEstimate.mean": {
            "value": 4.036727428436279,
            "min": 0.37682151794433594,
            "max": 4.131917953491211,
            "count": 66
        },
        "Seeker.Policy.ExtrinsicValueEstimate.sum": {
            "value": 444.0400390625,
            "min": 50.88888168334961,
            "max": 451.2215881347656,
            "count": 66
        },
        "Seeker.Policy.CuriosityValueEstimate.mean": {
            "value": 0.24623095989227295,
            "min": -0.2771055996417999,
            "max": 0.4340255856513977,
            "count": 66
        },
        "Seeker.Policy.CuriosityValueEstimate.sum": {
            "value": 27.085405349731445,
            "min": -31.03582763671875,
            "max": 52.08306884765625,
            "count": 66
        },
        "Seeker.Environment.CumulativeReward.mean": {
            "value": 8.40979742570357,
            "min": 2.6570249225412095,
            "max": 8.494577248891195,
            "count": 66
        },
        "Seeker.Environment.CumulativeReward.sum": {
            "value": 925.0777168273926,
            "min": 371.98348915576935,
            "max": 925.0777168273926,
            "count": 66
        },
        "Seeker.Policy.ExtrinsicReward.mean": {
            "value": 8.40979742570357,
            "min": 2.6570249225412095,
            "max": 8.494577248891195,
            "count": 66
        },
        "Seeker.Policy.ExtrinsicReward.sum": {
            "value": 925.0777168273926,
            "min": 371.98348915576935,
            "max": 925.0777168273926,
            "count": 66
        },
        "Seeker.Policy.CuriosityReward.mean": {
            "value": 0.035204004885798154,
            "min": 0.0,
            "max": 0.5351319826607194,
            "count": 66
        },
        "Seeker.Policy.CuriosityReward.sum": {
            "value": 3.8724405374377966,
            "min": 0.0,
            "max": 59.934782058000565,
            "count": 66
        },
        "Seeker.IsTraining.mean": {
            "value": 1.0,
            "min": 1.0,
            "max": 1.0,
            "count": 66
        },
        "Seeker.IsTraining.sum": {
            "value": 1.0,
            "min": 1.0,
            "max": 1.0,
            "count": 66
        },
        "Seeker.Losses.PolicyLoss.mean": {
            "value": 0.12008240730792749,
            "min": 0.09638339474331588,
            "max": 0.3042072132229805,
            "count": 22
        },
        "Seeker.Losses.PolicyLoss.sum": {
            "value": 0.12008240730792749,
            "min": 0.09638339474331588,
            "max": 0.3042072132229805,
            "count": 22
        },
        "Seeker.Losses.ValueLoss.mean": {
            "value": 0.036571142915636304,
            "min": 0.03494701911695301,
            "max": 0.4091079317033291,
            "count": 22
        },
        "Seeker.Losses.ValueLoss.sum": {
            "value": 0.036571142915636304,
            "min": 0.03494701911695301,
            "max": 0.4091079317033291,
            "count": 22
        },
        "Seeker.Policy.LearningRate.mean": {
            "value": 0.0003,
            "min": 0.0003,
            "max": 0.0003,
            "count": 22
        },
        "Seeker.Policy.LearningRate.sum": {
            "value": 0.0003,
            "min": 0.0003,
            "max": 0.0003,
            "count": 22
        },
        "Seeker.Policy.Epsilon.mean": {
            "value": 0.15,
            "min": 0.15,
            "max": 0.15,
            "count": 22
        },
        "Seeker.Policy.Epsilon.sum": {
            "value": 0.15,
            "min": 0.15,
            "max": 0.15,
            "count": 22
        },
        "Seeker.Policy.Beta.mean": {
            "value": 0.003,
            "min": 0.003,
            "max": 0.003,
            "count": 22
        },
        "Seeker.Policy.Beta.sum": {
            "value": 0.003,
            "min": 0.003,
            "max": 0.003,
            "count": 22
        },
        "Seeker.Losses.CuriosityForwardLoss.mean": {
            "value": 0.08227402735501528,
            "min": 0.08227402735501528,
            "max": 4.179890024662018,
            "count": 22
        },
        "Seeker.Losses.CuriosityForwardLoss.sum": {
            "value": 0.08227402735501528,
            "min": 0.08227402735501528,
            "max": 4.179890024662018,
            "count": 22
        },
        "Seeker.Losses.CuriosityInverseLoss.mean": {
            "value": 0.01816884691361338,
            "min": 0.01816884691361338,
            "max": 1.4806921899318695,
            "count": 22
        },
        "Seeker.Losses.CuriosityInverseLoss.sum": {
            "value": 0.01816884691361338,
            "min": 0.01816884691361338,
            "max": 1.4806921899318695,
            "count": 22
        }
    },
    "metadata": {
        "timer_format_version": "0.1.0",
        "start_time_seconds": "1727130246",
        "python_version": "3.10.0 (tags/v3.10.0:b494f59, Oct  4 2021, 19:00:18) [MSC v.1929 64 bit (AMD64)]",
        "command_line_arguments": "C:\\Users\\Merijn\\Documents\\GitHub\\ML-Deep-Reinforcement-Learning\\Machine-Learning-DRL\\venv\\Scripts\\mlagents-learn results/ppo/SR_Training_config.yaml --run-id=SeekerTrainingWall18",
        "mlagents_version": "0.30.0",
        "mlagents_envs_version": "0.30.0",
        "communication_protocol_version": "1.5.0",
        "pytorch_version": "2.4.1+cpu",
        "numpy_version": "1.21.2",
        "end_time_seconds": "1727130970"
    },
    "total": 724.2695016000034,
    "count": 1,
    "self": 0.006841700003860751,
    "children": {
        "run_training.setup": {
            "total": 0.06026159999964875,
            "count": 1,
            "self": 0.06026159999964875
        },
        "TrainerController.start_learning": {
            "total": 724.2023982999999,
            "count": 1,
            "self": 0.26789859998825705,
            "children": {
                "TrainerController._reset_env": {
                    "total": 4.554632500003208,
                    "count": 6,
                    "self": 4.554632500003208
                },