{
    "name": "root",
    "gauges": {
        "Seeker.Policy.Entropy.mean": {
            "value": 1.3017983436584473,
            "min": 1.3017983436584473,
            "max": 1.3861377239227295,
            "count": 20
        },
        "Seeker.Policy.Entropy.sum": {
            "value": 7040.12548828125,
            "min": 5643.9599609375,
            "max": 7562.564453125,
            "count": 20
        },
        "Seeker.Environment.LessonNumber.TrainingArea.mean": {
            "value": 2.0,
            "min": 0.0,
            "max": 2.0,
            "count": 20
        },
        "Seeker.Environment.LessonNumber.TrainingArea.sum": {
            "value": 2.0,
            "min": 0.0,
            "max": 2.0,
            "count": 20
        },
        "Seeker.Step.mean": {
            "value": 99936.0,
            "min": 4992.0,
            "max": 99936.0,
            "count": 20
        },
        "Seeker.Step.sum": {
            "value": 99936.0,
            "min": 4992.0,
            "max": 99936.0,
            "count": 20
        },
        "Seeker.Policy.ExtrinsicValueEstimate.mean": {
            "value": 0.1601424217224121,
            "min": -0.37643876671791077,
            "max": 0.2861062288284302,
            "count": 20
        },
        "Seeker.Policy.ExtrinsicValueEstimate.sum": {
            "value": 13.932390213012695,
            "min": -32.75017166137695,
            "max": 22.316286087036133,
            "count": 20
        },
        "Seeker.Policy.CuriosityValueEstimate.mean": {
            "value": 0.9033439755439758,
            "min": 0.13000501692295074,
            "max": 0.9565396308898926,
            "count": 20
        },
        "Seeker.Policy.CuriosityValueEstimate.sum": {
            "value": 78.59092712402344,
            "min": 11.310436248779297,
            "max": 78.59092712402344,
            "count": 20
        },
        "Seeker.IsTraining.mean": {
            "value": 1.0,
            "min": 1.0,
            "max": 1.0,
            "count": 20
        },
        "Seeker.IsTraining.sum": {
            "value": 1.0,
            "min": 1.0,
            "max": 1.0,
            "count": 20
        },
        "Seeker.Environment.EpisodeLength.mean": {
            "value": 603.0,
            "min": 600.0,
            "max": 603.0,
            "count": 10
        },
        "Seeker.Environment.EpisodeLength.sum": {
            "value": 9648.0,
            "min": 9600.0,
            "max": 9648.0,
            "count": 10
        },
        "Seeker.Self-play.ELO.mean": {
            "value": 1047.7430654628497,
            "min": 1047.7430654628497,
            "max": 1191.5087411239085,
            "count": 10
        },
        "Seeker.Self-play.ELO.sum": {
            "value": 16763.889047405595,
            "min": 16763.889047405595,
            "max": 19064.139857982536,
            "count": 10
        },
        "Seeker.Environment.CumulativeReward.mean": {
            "value": 9.852514985948801,
            "min": -0.24836400337517262,
            "max": 9.852514985948801,
            "count": 10
        },
        "Seeker.Environment.CumulativeReward.sum": {
            "value": 157.64023977518082,
            "min": -3.973824054002762,
            "max": 157.64023977518082,
            "count": 10
        },
        "Seeker.Policy.ExtrinsicReward.mean": {
            "value": 9.852514985948801,
            "min": -0.24836400337517262,
            "max": 9.852514985948801,
            "count": 10
        },
        "Seeker.Policy.ExtrinsicReward.sum": {
            "value": 157.64023977518082,
            "min": -3.973824054002762,
            "max": 157.64023977518082,
            "count": 10
        },
        "Seeker.Policy.CuriosityReward.mean": {
            "value": 3.3677810030058026,
            "min": 0.0,
            "max": 7.864012323319912,
            "count": 10
        },
        "Seeker.Policy.CuriosityReward.sum": {
            "value": 53.88449604809284,
            "min": 0.0,
            "max": 125.82419717311859,
            "count": 10
        },
        "Seeker.Losses.PolicyLoss.mean": {
            "value": 0.0891723716398701,
            "min": 0.0753298325042124,
            "max": 0.0891723716398701,
            "count": 4
        },
        "Seeker.Losses.PolicyLoss.sum": {
            "value": 0.0891723716398701,
            "min": 0.0753298325042124,
            "max": 0.0891723716398701,
            "count": 4
        },
        "Seeker.Losses.ValueLoss.mean": {
            "value": 0.017177596245892345,
            "min": 0.017177596245892345,
            "max": 0.055673305736854674,
            "count": 4
        },
        "Seeker.Losses.ValueLoss.sum": {
            "value": 0.017177596245892345,
            "min": 0.017177596245892345,
            "max": 0.055673305736854674,
            "count": 4
        },
        "Seeker.Policy.LearningRate.mean": {
            "value": 0.0003,
            "min": 0.0003,
            "max": 0.0003,
            "count": 4
        },
        "Seeker.Policy.LearningRate.sum": {
            "value": 0.0003,
            "min": 0.0003,
            "max": 0.0003,
            "count": 4
        },
        "Seeker.Policy.Epsilon.mean": {
            "value": 0.15,
            "min": 0.15,
            "max": 0.15,
            "count": 4
        },
        "Seeker.Policy.Epsilon.sum": {
            "value": 0.15,
            "min": 0.15,
            "max": 0.15,
            "count": 4
        },
        "Seeker.Policy.Beta.mean": {
            "value": 0.003,
            "min": 0.003,
            "max": 0.003,
            "count": 4
        },
        "Seeker.Policy.Beta.sum": {
            "value": 0.003,
            "min": 0.003,
            "max": 0.003,
            "count": 4
        },
        "Seeker.Losses.CuriosityForwardLoss.mean": {
            "value": 0.6171506598591805,
            "min": 0.6171506598591805,
            "max": 7.913233870267868,
            "count": 4
        },
        "Seeker.Losses.CuriosityForwardLoss.sum": {
            "value": 0.6171506598591805,
            "min": 0.6171506598591805,
            "max": 7.913233870267868,
            "count": 4
        },
        "Seeker.Losses.CuriosityInverseLoss.mean": {
            "value": 0.5941972181200981,
            "min": 0.5941972181200981,
            "max": 1.2642269343137742,
            "count": 4
        },
        "Seeker.Losses.CuriosityInverseLoss.sum": {
            "value": 0.5941972181200981,
            "min": 0.5941972181200981,
            "max": 1.2642269343137742,
            "count": 4
        }
    },
    "metadata": {
        "timer_format_version": "0.1.0",
        "start_time_seconds": "1727125385",
        "python_version": "3.10.0 (tags/v3.10.0:b494f59, Oct  4 2021, 19:00:18) [MSC v.1929 64 bit (AMD64)]",
        "command_line_arguments": "C:\\Users\\Merijn\\Documents\\GitHub\\ML-Deep-Reinforcement-Learning\\Machine-Learning-DRL\\venv\\Scripts\\mlagents-learn results/ppo/SR_Training_config.yaml --run-id=SeekerTrainingWall12",
        "mlagents_version": "0.30.0",
        "mlagents_envs_version": "0.30.0",
        "communication_protocol_version": "1.5.0",
        "pytorch_version": "2.4.1+cpu",
        "numpy_version": "1.21.2",
        "end_time_seconds": "1727125470"
    },
    "total": 84.90643360000104,
    "count": 1,
    "self": 0.011905499999556923,
    "children": {
        "run_training.setup": {
            "total": 0.10360720000244328,
            "count": 1,
            "self": 0.10360720000244328
        },
        "TrainerController.start_learning": {
            "total": 84.79092089999904,
            "count": 1,
            "self": 0.23161239998808014,
            "children": {
                "TrainerController._reset_env": {
                    "total": 5.818201600002794,
                    "count": 3,
                    "self": 5.818201600002794
                },