{
    "name": "root",
    "gauges": {
        "Seeker.Policy.Entropy.mean": {
            "value": 1.3085757493972778,
            "min": 1.3032974004745483,
            "max": 1.385359287261963,
            "count": 20
        },
        "Seeker.Policy.Entropy.sum": {
            "value": 7139.58935546875,
            "min": 5588.5390625,
            "max": 7580.3984375,
            "count": 20
        },
        "Seeker.Environment.LessonNumber.TrainingArea.mean": {
            "value": 2.0,
            "min": 0.0,
            "max": 2.0,
            "count": 20
        },
        "Seeker.Environment.LessonNumber.TrainingArea.sum": {
            "value": 2.0,
            "min": 0.0,
            "max": 2.0,
            "count": 20
        },
        "Seeker.Step.mean": {
            "value": 99936.0,
            "min": 4992.0,
            "max": 99936.0,
            "count": 20
        },
        "Seeker.Step.sum": {
            "value": 99936.0,
            "min": 4992.0,
            "max": 99936.0,
            "count": 20
        },
        "Seeker.Policy.ExtrinsicValueEstimate.mean": {
            "value": 0.044619880616664886,
            "min": -0.6218789219856262,
            "max": 0.14691008627414703,
            "count": 20
        },
        "Seeker.Policy.ExtrinsicValueEstimate.sum": {
            "value": 3.881929636001587,
            "min": -48.506553649902344,
            "max": 11.458986282348633,
            "count": 20
        },
        "Seeker.Policy.CuriosityValueEstimate.mean": {
            "value": -0.2915896475315094,
            "min": -0.804266631603241,
            "max": -0.2915896475315094,
            "count": 20
        },
        "Seeker.Policy.CuriosityValueEstimate.sum": {
            "value": -25.36829948425293,
            "min": -62.73279571533203,
            "max": -25.36829948425293,
            "count": 20
        },
        "Seeker.IsTraining.mean": {
            "value": 1.0,
            "min": 1.0,
            "max": 1.0,
            "count": 20
        },
        "Seeker.IsTraining.sum": {
            "value": 1.0,
            "min": 1.0,
            "max": 1.0,
            "count": 20
        },
        "Seeker.Environment.EpisodeLength.mean": {
            "value": 603.0,
            "min": 600.0,
            "max": 603.0,
            "count": 10
        },
        "Seeker.Environment.EpisodeLength.sum": {
            "value": 9648.0,
            "min": 9600.0,
            "max": 9648.0,
            "count": 10
        },
        "Seeker.Self-play.ELO.mean": {
            "value": 1047.7430654628497,
            "min": 1047.7430654628497,
            "max": 1191.5087411239085,
            "count": 10
        },
        "Seeker.Self-play.ELO.sum": {
            "value": 16763.889047405595,
            "min": 16763.889047405595,
            "max": 19064.139857982536,
            "count": 10
        },
        "Seeker.Environment.CumulativeReward.mean": {
            "value": 11.770982768386602,
            "min": -0.11460337601602077,
            "max": 11.770982768386602,
            "count": 10
        },
        "Seeker.Environment.CumulativeReward.sum": {
            "value": 188.33572429418564,
            "min": -1.8336540162563324,
            "max": 188.33572429418564,
            "count": 10
        },
        "Seeker.Policy.ExtrinsicReward.mean": {
            "value": 11.770982768386602,
            "min": -0.11460337601602077,
            "max": 11.770982768386602,
            "count": 10
        },
        "Seeker.Policy.ExtrinsicReward.sum": {
            "value": 188.33572429418564,
            "min": -1.8336540162563324,
            "max": 188.33572429418564,
            "count": 10
        },
        "Seeker.Policy.CuriosityReward.mean": {
            "value": 3.124448024202138,
            "min": 0.0,
            "max": 7.055517852306366,
            "count": 10
        },
        "Seeker.Policy.CuriosityReward.sum": {
            "value": 49.99116838723421,
            "min": 0.0,
            "max": 112.88828563690186,
            "count": 10
        },
        "Seeker.Losses.PolicyLoss.mean": {
            "value": 0.1033896463457495,
            "min": 0.09287357564971899,
            "max": 0.10514088140043895,
            "count": 4
        },
        "Seeker.Losses.PolicyLoss.sum": {
            "value": 0.1033896463457495,
            "min": 0.09287357564971899,
            "max": 0.10514088140043895,
            "count": 4
        },
        "Seeker.Losses.ValueLoss.mean": {
            "value": 0.018462452408857643,
            "min": 0.018462452408857643,
            "max": 0.04869080544449389,
            "count": 4
        },
        "Seeker.Losses.ValueLoss.sum": {
            "value": 0.018462452408857643,
            "min": 0.018462452408857643,
            "max": 0.04869080544449389,
            "count": 4
        },
        "Seeker.Policy.LearningRate.mean": {
            "value": 0.0003,
            "min": 0.0003,
            "max": 0.0003,
            "count": 4
        },
        "Seeker.Policy.LearningRate.sum": {
            "value": 0.0003,
            "min": 0.0003,
            "max": 0.0003,
            "count": 4
        },
        "Seeker.Policy.Epsilon.mean": {
            "value": 0.15,
            "min": 0.15,
            "max": 0.15,
            "count": 4
        },
        "Seeker.Policy.Epsilon.sum": {
            "value": 0.15,
            "min": 0.15,
            "max": 0.15,
            "count": 4
        },
        "Seeker.Policy.Beta.mean": {
            "value": 0.003,
            "min": 0.003,
            "max": 0.003,
            "count": 4
        },
        "Seeker.Policy.Beta.sum": {
            "value": 0.003,
            "min": 0.003,
            "max": 0.003,
            "count": 4
        },
        "Seeker.Losses.CuriosityForwardLoss.mean": {
            "value": 0.4879083402454853,
            "min": 0.4879083402454853,
            "max": 5.934869268536568,
            "count": 4
        },
        "Seeker.Losses.CuriosityForwardLoss.sum": {
            "value": 0.4879083402454853,
            "min": 0.4879083402454853,
            "max": 5.934869268536568,
            "count": 4
        },
        "Seeker.Losses.CuriosityInverseLoss.mean": {
            "value": 0.7917926028370857,
            "min": 0.7917926028370857,
            "max": 1.2563115060329437,
            "count": 4
        },
        "Seeker.Losses.CuriosityInverseLoss.sum": {
            "value": 0.7917926028370857,
            "min": 0.7917926028370857,
            "max": 1.2563115060329437,
            "count": 4
        }
    },
    "metadata": {
        "timer_format_version": "0.1.0",
        "start_time_seconds": "1727125551",
        "python_version": "3.10.0 (tags/v3.10.0:b494f59, Oct  4 2021, 19:00:18) [MSC v.1929 64 bit (AMD64)]",
        "command_line_arguments": "C:\\Users\\Merijn\\Documents\\GitHub\\ML-Deep-Reinforcement-Learning\\Machine-Learning-DRL\\venv\\Scripts\\mlagents-learn results/ppo/SR_Training_config.yaml --run-id=SeekerTrainingWall13",
        "mlagents_version": "0.30.0",
        "mlagents_envs_version": "0.30.0",
        "communication_protocol_version": "1.5.0",
        "pytorch_version": "2.4.1+cpu",
        "numpy_version": "1.21.2",
        "end_time_seconds": "1727125645"
    },
    "total": 93.8941586999972,
    "count": 1,
    "self": 0.008139199995639501,
    "children": {
        "run_training.setup": {
            "total": 0.06199700000070152,
            "count": 1,
            "self": 0.06199700000070152
        },
        "TrainerController.start_learning": {
            "total": 93.82402250000086,
            "count": 1,
            "self": 0.22441659995092778,
            "children": {
                "TrainerController._reset_env": {
                    "total": 10.054344700005458,
                    "count": 3,
                    "self": 10.054344700005458
                },