{
    "name": "root",
    "gauges": {
        "Seeker.Policy.Entropy.mean": {
            "value": 0.6151077151298523,
            "min": 0.5446680784225464,
            "max": 1.3850562572479248,
            "count": 257
        },
        "Seeker.Policy.Entropy.sum": {
            "value": 2991.8837890625,
            "min": 2381.25244140625,
            "max": 8110.8896484375,
            "count": 257
        },
        "Seeker.Environment.LessonNumber.TrainingArea.mean": {
            "value": 0.0,
            "min": 0.0,
            "max": 0.0,
            "count": 257
        },
        "Seeker.Environment.LessonNumber.TrainingArea.sum": {
            "value": 0.0,
            "min": 0.0,
            "max": 0.0,
            "count": 257
        },
        "Seeker.Step.mean": {
            "value": 1284961.0,
            "min": 4944.0,
            "max": 1284961.0,
            "count": 257
        },
        "Seeker.Step.sum": {
            "value": 1284961.0,
            "min": 4944.0,
            "max": 1284961.0,
            "count": 257
        },
        "Seeker.Policy.ExtrinsicValueEstimate.mean": {
            "value": 1.145862102508545,
            "min": -0.11717810481786728,
            "max": 1.9064515829086304,
            "count": 257
        },
        "Seeker.Policy.ExtrinsicValueEstimate.sum": {
            "value": 95.10655212402344,
            "min": -9.72578239440918,
            "max": 157.87574768066406,
            "count": 257
        },
        "Seeker.Policy.CuriosityValueEstimate.mean": {
            "value": 0.07991471886634827,
            "min": -1.0924949645996094,
            "max": 0.15672989189624786,
            "count": 257
        },
        "Seeker.Policy.CuriosityValueEstimate.sum": {
            "value": 6.6329216957092285,
            "min": -91.76957702636719,
            "max": 12.851851463317871,
            "count": 257
        },
        "Seeker.Environment.EpisodeLength.mean": {
            "value": 299.0,
            "min": 91.03921568627452,
            "max": 300.0,
            "count": 257
        },
        "Seeker.Environment.EpisodeLength.sum": {
            "value": 4784.0,
            "min": 2388.0,
            "max": 7176.0,
            "count": 257
        },
        "Seeker.Self-play.ELO.mean": {
            "value": -517.1649964364244,
            "min": -517.1649964364244,
            "max": 1191.5087411239085,
            "count": 257
        },
        "Seeker.Self-play.ELO.sum": {
            "value": -8274.63994298279,
            "min": -14864.056580167866,
            "max": 35071.16014065103,
            "count": 257
        },
        "Seeker.Environment.CumulativeReward.mean": {
            "value": 7.617461770772934,
            "min": 1.0087262764573097,
            "max": 7.693236407779512,
            "count": 257
        },
        "Seeker.Environment.CumulativeReward.sum": {
            "value": 121.87938833236694,
            "min": 8.069810211658478,
            "max": 187.31837931275368,
            "count": 257
        },
        "Seeker.Policy.ExtrinsicReward.mean": {
            "value": 7.617461770772934,
            "min": 1.0087262764573097,
            "max": 7.693236407779512,
            "count": 257
        },
        "Seeker.Policy.ExtrinsicReward.sum": {
            "value": 121.87938833236694,
            "min": 8.069810211658478,
            "max": 187.31837931275368,
            "count": 257
        },
        "Seeker.Policy.CuriosityReward.mean": {
            "value": 0.00452940731702256,
            "min": 0.0,
            "max": 7.060004407539964,
            "count": 257
        },
        "Seeker.Policy.CuriosityReward.sum": {
            "value": 0.07247051707236096,
            "min": 0.0,
            "max": 112.96007052063942,
            "count": 257
        },
        "Seeker.IsTraining.mean": {
            "value": 1.0,
            "min": 1.0,
            "max": 1.0,
            "count": 257
        },
        "Seeker.IsTraining.sum": {
            "value": 1.0,
            "min": 1.0,
            "max": 1.0,
            "count": 257
        },
        "Seeker.Losses.PolicyLoss.mean": {
            "value": 0.14048958012426738,
            "min": 0.10680212519364432,
            "max": 0.2787229471762354,
            "count": 67
        },
        "Seeker.Losses.PolicyLoss.sum": {
            "value": 0.14048958012426738,
            "min": 0.10680212519364432,
            "max": 0.2787229471762354,
            "count": 67
        },
        "Seeker.Losses.ValueLoss.mean": {
            "value": 0.07060724559705704,
            "min": 0.004769001214299351,
            "max": 0.12297146432101727,
            "count": 67
        },
        "Seeker.Losses.ValueLoss.sum": {
            "value": 0.07060724559705704,
            "min": 0.004769001214299351,
            "max": 0.12297146432101727,
            "count": 67
        },
        "Seeker.Policy.LearningRate.mean": {
            "value": 0.00026195380268207,
            "min": 0.00026195380268207,
            "max": 0.00029939280020239994,
            "count": 67
        },
        "Seeker.Policy.LearningRate.sum": {
            "value": 0.00026195380268207,
            "min": 0.00026195380268207,
            "max": 0.00029939280020239994,
            "count": 67
        },
        "Seeker.Policy.Epsilon.mean": {
            "value": 0.1873179300000001,
            "min": 0.1873179300000001,
            "max": 0.19979760000000002,
            "count": 67
        },
        "Seeker.Policy.Epsilon.sum": {
            "value": 0.1873179300000001,
            "min": 0.1873179300000001,
            "max": 0.19979760000000002,
            "count": 67
        },
        "Seeker.Policy.Beta.mean": {
            "value": 0.001,
            "min": 0.001,
            "max": 0.001,
            "count": 67
        },
        "Seeker.Policy.Beta.sum": {
            "value": 0.001,
            "min": 0.001,
            "max": 0.001,
            "count": 67
        },
        "Seeker.Losses.CuriosityForwardLoss.mean": {
            "value": 0.0016636366344755515,
            "min": 0.0016636366344755515,
            "max": 35.40958573704674,
            "count": 67
        },
        "Seeker.Losses.CuriosityForwardLoss.sum": {
            "value": 0.0016636366344755515,
            "min": 0.0016636366344755515,
            "max": 35.40958573704674,
            "count": 67
        },
        "Seeker.Losses.CuriosityInverseLoss.mean": {
            "value": 0.006403647114833196,
            "min": 0.006403647114833196,
            "max": 1.4268203084430997,
            "count": 67
        },
        "Seeker.Losses.CuriosityInverseLoss.sum": {
            "value": 0.006403647114833196,
            "min": 0.006403647114833196,
            "max": 1.4268203084430997,
            "count": 67
        }
    },
    "metadata": {
        "timer_format_version": "0.1.0",
        "start_time_seconds": "1727116365",
        "python_version": "3.10.0 (tags/v3.10.0:b494f59, Oct  4 2021, 19:00:18) [MSC v.1929 64 bit (AMD64)]",
        "command_line_arguments": "C:\\Users\\Merijn\\Documents\\GitHub\\ML-Deep-Reinforcement-Learning\\Machine-Learning-DRL\\venv\\Scripts\\mlagents-learn results/ppo/SR_Training_config.yaml --run-id=SeekerTrainingWall",
        "mlagents_version": "0.30.0",
        "mlagents_envs_version": "0.30.0",
        "communication_protocol_version": "1.5.0",
        "pytorch_version": "2.4.1+cpu",
        "numpy_version": "1.21.2",
        "end_time_seconds": "1727117151"
    },
    "total": 786.2640446999994,
    "count": 1,
    "self": 0.007357999998930609,
    "children": {
        "run_training.setup": {
            "total": 0.05806549999942945,
            "count": 1,
            "self": 0.05806549999942945
        },
        "TrainerController.start_learning": {
            "total": 786.1986212000011,
            "count": 1,
            "self": 2.587289000306555,