{
    "name": "root",
    "gauges": {
        "Seeker.Policy.Entropy.mean": {
            "value": 0.0004309738869778812,
            "min": 0.0004309738869778812,
            "max": 0.0004309738869778812,
            "count": 1
        },
        "Seeker.Policy.Entropy.sum": {
            "value": 0.5033774971961975,
            "min": 0.5033774971961975,
            "max": 0.5033774971961975,
            "count": 1
        },
        "Seeker.Environment.LessonNumber.TrainingArea.mean": {
            "value": 0.0,
            "min": 0.0,
            "max": 0.0,
            "count": 1
        },
        "Seeker.Environment.LessonNumber.TrainingArea.sum": {
            "value": 0.0,
            "min": 0.0,
            "max": 0.0,
            "count": 1
        },
        "Seeker.Step.mean": {
            "value": 1154940.0,
            "min": 1154940.0,
            "max": 1154940.0,
            "count": 1
        },
        "Seeker.Step.sum": {
            "value": 1154940.0,
            "min": 1154940.0,
            "max": 1154940.0,
            "count": 1
        },
        "Seeker.Policy.ExtrinsicValueEstimate.mean": {
            "value": 0.016626527532935143,
            "min": 0.016626527532935143,
            "max": 0.016626527532935143,
            "count": 1
        },
        "Seeker.Policy.ExtrinsicValueEstimate.sum": {
            "value": 0.216144859790802,
            "min": 0.216144859790802,
            "max": 0.216144859790802,
            "count": 1
        },
        "Seeker.Policy.CuriosityValueEstimate.mean": {
            "value": 1.8048509359359741,
            "min": 1.8048509359359741,
            "max": 1.8048509359359741,
            "count": 1
        },
        "Seeker.Policy.CuriosityValueEstimate.sum": {
            "value": 23.463062286376953,
            "min": 23.463062286376953,
            "max": 23.463062286376953,
            "count": 1
        },
        "Seeker.IsTraining.mean": {
            "value": 1.0,
            "min": 1.0,
            "max": 1.0,
            "count": 1
        },
        "Seeker.IsTraining.sum": {
            "value": 1.0,
            "min": 1.0,
            "max": 1.0,
            "count": 1
        }
    },
    "metadata": {
        "timer_format_version": "0.1.0",
        "start_time_seconds": "1727117698",
        "python_version": "3.10.0 (tags/v3.10.0:b494f59, Oct  4 2021, 19:00:18) [MSC v.1929 64 bit (AMD64)]",
        "command_line_arguments": "C:\\Users\\Merijn\\Documents\\GitHub\\ML-Deep-Reinforcement-Learning\\Machine-Learning-DRL\\venv\\Scripts\\mlagents-learn results/ppo/SR_Training_config.yaml --resume",
        "mlagents_version": "0.30.0",
        "mlagents_envs_version": "0.30.0",
        "communication_protocol_version": "1.5.0",
        "pytorch_version": "2.4.1+cpu",
        "numpy_version": "1.21.2",
        "end_time_seconds": "1727117706"
    },
    "total": 8.300235100001373,
    "count": 1,
    "self": 0.008587000002080458,
    "children": {
        "run_training.setup": {
            "total": 0.06523709999964922,
            "count": 1,
            "self": 0.06523709999964922
        },
        "TrainerController.start_learning": {
            "total": 8.226410999999644,
            "count": 1,
            "self": 0.01073929997801315,
            "children": {
                "TrainerController._reset_env": {
                    "total": 4.417134799999985,
                    "count": 2,
                    "self": 4.417134799999985
                },
                "TrainerController.advance": {
                    "total": 3.6766476000211696,
                    "count": 337,
                    "self": 0.006838500030426076,
                    "children": {
                        "env_step": {
                            "total": 3.6698090999907436,
                            "count": 337,
                            "self": 3.0197226999898703,
                            "children": {
                                "SubprocessEnvManager._take_step": {
                                    "total": 0.6467509999874892,
                                    "count": 337,
                                    "self": 0.020198199983497034,
                                    "children": {
                                        "TorchPolicy.evaluate": {
                                            "total": 0.6265528000039922,
                                            "count": 331,
                                            "self": 0.6265528000039922
                                        }
                                    }
                                },
                                "workers": {
                                    "total": 0.00333540001338406,
                                    "count": 336,
                                    "self": 0.0,
                                    "children": {
                                        "worker_root": {
                                            "total": 4.305606100020668,
                                            "count": 336,
                                            "is_parallel": true,
                                            "self": 1.7006045999914932,
                                            "children": {
                                                "steps_from_proto": {
                                                    "total": 0.0006109000005380949,
                                                    "count": 2,
                                                    "is_parallel": true,
                                                    "self": 0.00028170000041427556,
                                                    "children": {
                                                        "_process_rank_one_or_two_observation": {
                                                            "total": 0.00032920000012381934,
                                                            "count": 4,
                                                            "is_parallel": true,
                                                            "self": 0.00032920000012381934
                                                        }
                                                    }
                                                },
                                                "UnityEnvironment.step": {
                                                    "total": 2.604390600028637,
                                                    "count": 336,
                                                    "is_parallel": true,
                                                    "self": 0.03453250004895381,
                                                    "children": {
                                                        "UnityEnvironment._generate_step_input": {
                                                            "total": 0.06017689996951958,
                                                            "count": 336,
                                                            "is_parallel": true,
                                                            "self": 0.06017689996951958
                                                        },
                                                        "communicator.exchange": {
                                                            "total": 2.4134133999941696,
                                                            "count": 336,
                                                            "is_parallel": true,
                                                            "self": 2.4134133999941696
                                                        },
                                                        "steps_from_proto": {
                                                            "total": 0.096267800015994,
                                                            "count": 336,