{
    "name": "root",
    "metadata": {
        "timer_format_version": "0.1.0",
        "start_time_seconds": "1727129479",
        "python_version": "3.10.0 (tags/v3.10.0:b494f59, Oct  4 2021, 19:00:18) [MSC v.1929 64 bit (AMD64)]",
        "command_line_arguments": "C:\\Users\\Merijn\\Documents\\GitHub\\ML-Deep-Reinforcement-Learning\\Machine-Learning-DRL\\venv\\Scripts\\mlagents-learn --time-scale=1 results/ppo/SR_Training_config.yaml --resume --force",
        "mlagents_version": "0.30.0",
        "mlagents_envs_version": "0.30.0",
        "communication_protocol_version": "1.5.0",
        "pytorch_version": "2.4.1+cpu",
        "numpy_version": "1.21.2",
        "end_time_seconds": "1727129494"
    },
    "total": 15.044573600000149,
    "count": 1,
    "self": 0.011772899997595232,
    "children": {
        "run_training.setup": {
            "total": 0.06807760000083363,
            "count": 1,
            "self": 0.06807760000083363
        },
        "TrainerController.start_learning": {
            "total": 14.96472310000172,
            "count": 1,
            "self": 0.0015758000008645467,
            "children": {
                "TrainerController._reset_env": {
                    "total": 14.81859439999971,
                    "count": 1,
                    "self": 14.81859439999971
                },
                "trainer_threads": {
                    "total": 1.3299999409355223e-05,
                    "count": 1,
                    "self": 1.3299999409355223e-05,
                    "children": {
                        "thread_root": {
                            "total": 0.0,
                            "count": 0,
                            "is_parallel": true,
                            "self": 0.0,
                            "children": {
                                "trainer_advance": {
                                    "total": 0.0015053999995870981,
                                    "count": 1,
                                    "is_parallel": true,
                                    "self": 6.669999856967479e-05,
                                    "children": {
                                        "process_trajectory": {
                                            "total": 0.0014387000010174233,
                                            "count": 1,
                                            "is_parallel": true,
                                            "self": 0.0014387000010174233
                                        }
                                    }
                                }
                            }
                        }
                    }
                },
                "TrainerController._save_models": {
                    "total": 0.14453960000173538,
                    "count": 1,
                    "self": 0.007643500000995118,
                    "children": {
                        "RLTrainer._checkpoint": {
                            "total": 0.13689610000074026,
                            "count": 1,
                            "self": 0.13689610000074026
                        }
                    }
                }
            }
        }
    }
}