{
    "name": "root",
    "gauges": {
        "Seeker.Policy.Entropy.mean": {
            "value": 1.3237801790237427,
            "min": 1.3237557411193848,
            "max": 1.3861716985702515,
            "count": 20
        },
        "Seeker.Policy.Entropy.sum": {
            "value": 6438.86669921875,
            "min": 6396.3876953125,
            "max": 8206.13671875,
            "count": 20
        },
        "Seeker.Environment.LessonNumber.TrainingArea.mean": {
            "value": 2.0,
            "min": 1.0,
            "max": 2.0,
            "count": 20
        },
        "Seeker.Environment.LessonNumber.TrainingArea.sum": {
            "value": 2.0,
            "min": 1.0,
            "max": 2.0,
            "count": 20
        },
        "Seeker.Step.mean": {
            "value": 99968.0,
            "min": 4944.0,
            "max": 99968.0,
            "count": 20
        },
        "Seeker.Step.sum": {
            "value": 99968.0,
            "min": 4944.0,
            "max": 99968.0,
            "count": 20
        },
        "Seeker.Policy.ExtrinsicValueEstimate.mean": {
            "value": 0.45890530943870544,
            "min": 0.22202937304973602,
            "max": 0.4606620967388153,
            "count": 20
        },
        "Seeker.Policy.ExtrinsicValueEstimate.sum": {
            "value": 38.089141845703125,
            "min": 18.62360954284668,
            "max": 38.234954833984375,
            "count": 20
        },
        "Seeker.Policy.CuriosityValueEstimate.mean": {
            "value": 0.9318205118179321,
            "min": 0.42217084765434265,
            "max": 0.9569534063339233,
            "count": 20
        },
        "Seeker.Policy.CuriosityValueEstimate.sum": {
            "value": 77.34110260009766,
            "min": 35.04018020629883,
            "max": 79.42713165283203,
            "count": 20
        },
        "Seeker.Environment.EpisodeLength.mean": {
            "value": 299.0,
            "min": 298.0,
            "max": 300.0,
            "count": 20
        },
        "Seeker.Environment.EpisodeLength.sum": {
            "value": 4784.0,
            "min": 4768.0,
            "max": 4800.0,
            "count": 20
        },
        "Seeker.Self-play.ELO.mean": {
            "value": 888.36868333592,
            "min": 888.36868333592,
            "max": 1191.5087411239085,
            "count": 20
        },
        "Seeker.Self-play.ELO.sum": {
            "value": 14213.89893337472,
            "min": 14213.89893337472,
            "max": 19064.139857982536,
            "count": 20
        },
        "Seeker.Environment.CumulativeReward.mean": {
            "value": 4.991568420082331,
            "min": -0.0201631598174572,
            "max": 6.89945075660944,
            "count": 20
        },
        "Seeker.Environment.CumulativeReward.sum": {
            "value": 79.86509472131729,
            "min": -0.3226105570793152,
            "max": 110.39121210575104,
            "count": 20
        },
        "Seeker.Policy.ExtrinsicReward.mean": {
            "value": 4.991568420082331,
            "min": -0.0201631598174572,
            "max": 6.89945075660944,
            "count": 20
        },
        "Seeker.Policy.ExtrinsicReward.sum": {
            "value": 79.86509472131729,
            "min": -0.3226105570793152,
            "max": 110.39121210575104,
            "count": 20
        },
        "Seeker.Policy.CuriosityReward.mean": {
            "value": 1.233145909383893,
            "min": 0.0,
            "max": 3.060814378783107,
            "count": 20
        },
        "Seeker.Policy.CuriosityReward.sum": {
            "value": 19.730334550142288,
            "min": 0.0,
            "max": 48.97303006052971,
            "count": 20
        },
        "Seeker.IsTraining.mean": {
            "value": 1.0,
            "min": 1.0,
            "max": 1.0,
            "count": 20
        },
        "Seeker.IsTraining.sum": {
            "value": 1.0,
            "min": 1.0,
            "max": 1.0,
            "count": 20
        },
        "Seeker.Losses.PolicyLoss.mean": {
            "value": 0.08961826937156729,
            "min": 0.08231320414342917,
            "max": 0.09627747102640569,
            "count": 4
        },
        "Seeker.Losses.PolicyLoss.sum": {
            "value": 0.08961826937156729,
            "min": 0.08231320414342917,
            "max": 0.09627747102640569,
            "count": 4
        },
        "Seeker.Losses.ValueLoss.mean": {
            "value": 0.02000144657213241,
            "min": 0.02000144657213241,
            "max": 0.06299228705465794,
            "count": 4
        },
        "Seeker.Losses.ValueLoss.sum": {
            "value": 0.02000144657213241,
            "min": 0.02000144657213241,
            "max": 0.06299228705465794,
            "count": 4
        },
        "Seeker.Policy.LearningRate.mean": {
            "value": 0.0003,
            "min": 0.0003,
            "max": 0.0003,
            "count": 4
        },
        "Seeker.Policy.LearningRate.sum": {
            "value": 0.0003,
            "min": 0.0003,
            "max": 0.0003,
            "count": 4
        },
        "Seeker.Policy.Epsilon.mean": {
            "value": 0.15,
            "min": 0.15,
            "max": 0.15,
            "count": 4
        },
        "Seeker.Policy.Epsilon.sum": {
            "value": 0.15,
            "min": 0.15,
            "max": 0.15,
            "count": 4
        },
        "Seeker.Policy.Beta.mean": {
            "value": 0.003,
            "min": 0.003,
            "max": 0.003,
            "count": 4
        },
        "Seeker.Policy.Beta.sum": {
            "value": 0.003,
            "min": 0.003,
            "max": 0.003,
            "count": 4
        },
        "Seeker.Losses.CuriosityForwardLoss.mean": {
            "value": 0.45295061022043226,
            "min": 0.45295061022043226,
            "max": 4.345845840871334,
            "count": 4
        },
        "Seeker.Losses.CuriosityForwardLoss.sum": {
            "value": 0.45295061022043226,
            "min": 0.45295061022043226,
            "max": 4.345845840871334,
            "count": 4
        },
        "Seeker.Losses.CuriosityInverseLoss.mean": {
            "value": 0.5541766881942749,
            "min": 0.5541766881942749,
            "max": 1.2079006880521774,
            "count": 4
        },
        "Seeker.Losses.CuriosityInverseLoss.sum": {
            "value": 0.5541766881942749,
            "min": 0.5541766881942749,
            "max": 1.2079006880521774,
            "count": 4
        }
    },
    "metadata": {
        "timer_format_version": "0.1.0",
        "start_time_seconds": "1727122509",
        "python_version": "3.8.0 (tags/v3.8.0:fa919fd, Oct 14 2019, 19:37:50) [MSC v.1916 64 bit (AMD64)]",
        "command_line_arguments": "C:\\Users\\merli\\Documents\\Mediacollege\\schooljaar 3\\periode 1\\ML-Deep-Reinforcement-Learning\\Machine-Learning-DRL\\venv\\Scripts\\mlagents-learn results/ppo/SR_Training_config.yaml --run-id=Seekerwall12",
        "mlagents_version": "0.29.0",
        "mlagents_envs_version": "0.29.0",
        "communication_protocol_version": "1.5.0",
        "pytorch_version": "2.4.1+cpu",
        "numpy_version": "1.21.2",
        "end_time_seconds": "1727122642"
    },
    "total": 132.1361166,
    "count": 1,
    "self": 0.01697609999999372,
    "children": {
        "run_training.setup": {
            "total": 0.1106898999999999,
            "count": 1,
            "self": 0.1106898999999999
        },
        "TrainerController.start_learning": {
            "total": 132.0084506,
            "count": 1,
            "self": 0.2541104999992001,
            "children": {
                "TrainerController._reset_env": {
                    "total": 7.3375672,
                    "count": 3,
                    "self": 7.3375672
                },