{
    "name": "root",
    "gauges": {
        "Seeker.Policy.Entropy.mean": {
            "value": 1.423323392868042,
            "min": 1.419657826423645,
            "max": 1.6091294288635254,
            "count": 26
        },
        "Seeker.Policy.Entropy.sum": {
            "value": 7014.1376953125,
            "min": 6672.30224609375,
            "max": 15241.673828125,
            "count": 26
        },
        "Seeker.Environment.LessonNumber.TrainingArea.mean": {
            "value": 2.0,
            "min": 2.0,
            "max": 2.0,
            "count": 26
        },
        "Seeker.Environment.LessonNumber.TrainingArea.sum": {
            "value": 2.0,
            "min": 2.0,
            "max": 2.0,
            "count": 26
        },
        "Seeker.Environment.EpisodeLength.mean": {
            "value": 44.61467889908257,
            "min": 32.42666666666667,
            "max": 48.21,
            "count": 26
        },
        "Seeker.Environment.EpisodeLength.sum": {
            "value": 4863.0,
            "min": 3959.0,
            "max": 5805.0,
            "count": 26
        },
        "Seeker.Self-play.ELO.mean": {
            "value": -91.15836471914149,
            "min": -110.31491371532083,
            "max": 1125.2089056106781,
            "count": 26
        },
        "Seeker.Self-play.ELO.sum": {
            "value": -9936.261754386422,
            "min": -11926.316951113584,
            "max": 168781.3358416017,
            "count": 26
        },
        "Seeker.Step.mean": {
            "value": 129980.0,
            "min": 4973.0,
            "max": 129980.0,
            "count": 26
        },
        "Seeker.Step.sum": {
            "value": 129980.0,
            "min": 4973.0,
            "max": 129980.0,
            "count": 26
        },
        "Seeker.Policy.ExtrinsicValueEstimate.mean": {
            "value": 3.3431074619293213,
            "min": -0.12470529228448868,
            "max": 3.3563084602355957,
            "count": 26
        },
        "Seeker.Policy.ExtrinsicValueEstimate.sum": {
            "value": 364.3987121582031,
            "min": -14.672994613647461,
            "max": 365.8376159667969,
            "count": 26
        },
        "Seeker.Policy.CuriosityValueEstimate.mean": {
            "value": 0.5013695359230042,
            "min": 0.12342283874750137,
            "max": 0.5014811158180237,
            "count": 26
        },
        "Seeker.Policy.CuriosityValueEstimate.sum": {
            "value": 54.64927673339844,
            "min": 18.390003204345703,
            "max": 54.661441802978516,
            "count": 26
        },
        "Seeker.Environment.CumulativeReward.mean": {
            "value": 7.538232387752708,
            "min": 2.363742182918843,
            "max": 7.538232387752708,
            "count": 26
        },
        "Seeker.Environment.CumulativeReward.sum": {
            "value": 821.6673302650452,
            "min": 352.1975852549076,
            "max": 821.6673302650452,
            "count": 26
        },
        "Seeker.Policy.ExtrinsicReward.mean": {
            "value": 7.538232387752708,
            "min": 2.363742182918843,
            "max": 7.538232387752708,
            "count": 26
        },
        "Seeker.Policy.ExtrinsicReward.sum": {
            "value": 821.6673302650452,
            "min": 352.1975852549076,
            "max": 821.6673302650452,
            "count": 26
        },
        "Seeker.Policy.CuriosityReward.mean": {
            "value": 0.13452469742079393,
            "min": 0.0,
            "max": 0.63204178590219,
            "count": 26
        },
        "Seeker.Policy.CuriosityReward.sum": {
            "value": 14.663192018866539,
            "min": 0.0,
            "max": 65.44991117715836,
            "count": 26
        },
        "Seeker.IsTraining.mean": {
            "value": 1.0,
            "min": 1.0,
            "max": 1.0,
            "count": 26
        },
        "Seeker.IsTraining.sum": {
            "value": 1.0,
            "min": 1.0,
            "max": 1.0,
            "count": 26
        },
        "Seeker.Losses.PolicyLoss.mean": {
            "value": 0.11823995070299134,
            "min": 0.11821622405550443,
            "max": 0.45955915972590444,
            "count": 8
        },
        "Seeker.Losses.PolicyLoss.sum": {
            "value": 0.11823995070299134,
            "min": 0.11821622405550443,
            "max": 0.45955915972590444,
            "count": 8
        },
        "Seeker.Losses.ValueLoss.mean": {
            "value": 0.0792749217711389,
            "min": 0.0792749217711389,
            "max": 0.34541651159524916,
            "count": 8
        },
        "Seeker.Losses.ValueLoss.sum": {
            "value": 0.0792749217711389,
            "min": 0.0792749217711389,
            "max": 0.34541651159524916,
            "count": 8
        },
        "Seeker.Policy.LearningRate.mean": {
            "value": 0.0003,
            "min": 0.0003,
            "max": 0.0003,
            "count": 8
        },
        "Seeker.Policy.LearningRate.sum": {
            "value": 0.0003,
            "min": 0.0003,
            "max": 0.0003,
            "count": 8
        },
        "Seeker.Policy.Epsilon.mean": {
            "value": 0.15,
            "min": 0.15,
            "max": 0.15,
            "count": 8
        },
        "Seeker.Policy.Epsilon.sum": {
            "value": 0.15,
            "min": 0.15,
            "max": 0.15,
            "count": 8
        },
        "Seeker.Policy.Beta.mean": {
            "value": 0.003,
            "min": 0.003,
            "max": 0.003,
            "count": 8
        },
        "Seeker.Policy.Beta.sum": {
            "value": 0.003,
            "min": 0.003,
            "max": 0.003,
            "count": 8
        },
        "Seeker.Losses.CuriosityForwardLoss.mean": {
            "value": 0.31395494639873506,
            "min": 0.31395494639873506,
            "max": 5.014001604914665,
            "count": 8
        },
        "Seeker.Losses.CuriosityForwardLoss.sum": {
            "value": 0.31395494639873506,
            "min": 0.31395494639873506,
            "max": 5.014001604914665,
            "count": 8
        },
        "Seeker.Losses.CuriosityInverseLoss.mean": {
            "value": 0.09881711192429066,
            "min": 0.09881711192429066,
            "max": 1.5290794283151627,
            "count": 8
        },
        "Seeker.Losses.CuriosityInverseLoss.sum": {
            "value": 0.09881711192429066,
            "min": 0.09881711192429066,
            "max": 1.5290794283151627,
            "count": 8
        }
    },
    "metadata": {
        "timer_format_version": "0.1.0",
        "start_time_seconds": "1727131086",
        "python_version": "3.10.0 (tags/v3.10.0:b494f59, Oct  4 2021, 19:00:18) [MSC v.1929 64 bit (AMD64)]",
        "command_line_arguments": "C:\\Users\\Merijn\\Documents\\GitHub\\ML-Deep-Reinforcement-Learning\\Machine-Learning-DRL\\venv\\Scripts\\mlagents-learn --time-scale=1 results/ppo/SR_Training_config.yaml --run-id=SeekerTrainingWall17 --force",
        "mlagents_version": "0.30.0",
        "mlagents_envs_version": "0.30.0",
        "communication_protocol_version": "1.5.0",
        "pytorch_version": "2.4.1+cpu",
        "numpy_version": "1.21.2",
        "end_time_seconds": "1727131241"
    },
    "total": 154.79485619999832,
    "count": 1,
    "self": 0.007486699996661628,
    "children": {
        "run_training.setup": {
            "total": 0.06208350000088103,
            "count": 1,
            "self": 0.06208350000088103
        },
        "TrainerController.start_learning": {
            "total": 154.72528600000078,
            "count": 1,
            "self": 0.09566279999853577,
            "children": {
                "TrainerController._reset_env": {
                    "total": 6.339023800002906,
                    "count": 4,
                    "self": 6.339023800002906
                },