{
    "name": "root",
    "gauges": {
        "Seeker.Policy.Entropy.mean": {
            "value": 0.326142817735672,
            "min": 0.326142817735672,
            "max": 1.384765386581421,
            "count": 36
        },
        "Seeker.Policy.Entropy.sum": {
            "value": 1648.97802734375,
            "min": 1638.8514404296875,
            "max": 8109.18603515625,
            "count": 36
        },
        "Seeker.Environment.LessonNumber.TrainingArea.mean": {
            "value": 0.0,
            "min": 0.0,
            "max": 0.0,
            "count": 36
        },
        "Seeker.Environment.LessonNumber.TrainingArea.sum": {
            "value": 0.0,
            "min": 0.0,
            "max": 0.0,
            "count": 36
        },
        "Seeker.Step.mean": {
            "value": 179954.0,
            "min": 4944.0,
            "max": 179954.0,
            "count": 36
        },
        "Seeker.Step.sum": {
            "value": 179954.0,
            "min": 4944.0,
            "max": 179954.0,
            "count": 36
        },
        "Seeker.Policy.ExtrinsicValueEstimate.mean": {
            "value": 0.4783477783203125,
            "min": -0.4363515079021454,
            "max": 0.4918949007987976,
            "count": 36
        },
        "Seeker.Policy.ExtrinsicValueEstimate.sum": {
            "value": 45.92138671875,
            "min": -36.2171745300293,
            "max": 46.73001480102539,
            "count": 36
        },
        "Seeker.Policy.CuriosityValueEstimate.mean": {
            "value": 1.18372642993927,
            "min": -0.4242587685585022,
            "max": 1.1863768100738525,
            "count": 36
        },
        "Seeker.Policy.CuriosityValueEstimate.sum": {
            "value": 113.63774108886719,
            "min": -35.213478088378906,
            "max": 144.94784545898438,
            "count": 36
        },
        "Seeker.Environment.EpisodeLength.mean": {
            "value": 60.864197530864196,
            "min": 60.48148148148148,
            "max": 300.0,
            "count": 36
        },
        "Seeker.Environment.EpisodeLength.sum": {
            "value": 4930.0,
            "min": 4094.0,
            "max": 6807.0,
            "count": 36
        },
        "Seeker.Self-play.ELO.mean": {
            "value": -50.66617389619174,
            "min": -50.66617389619174,
            "max": 1191.5087411239085,
            "count": 36
        },
        "Seeker.Self-play.ELO.sum": {
            "value": -4103.9600855915305,
            "min": -4103.9600855915305,
            "max": 33776.38583025252,
            "count": 36
        },
        "Seeker.Environment.CumulativeReward.mean": {
            "value": 2.0203088643374265,
            "min": 0.5715323844924569,
            "max": 2.606819827247549,
            "count": 36
        },
        "Seeker.Environment.CumulativeReward.sum": {
            "value": 163.64501801133156,
            "min": 9.14451815187931,
            "max": 163.64501801133156,
            "count": 36
        },
        "Seeker.Policy.ExtrinsicReward.mean": {
            "value": 2.0203088643374265,
            "min": 0.5715323844924569,
            "max": 2.606819827247549,
            "count": 36
        },
        "Seeker.Policy.ExtrinsicReward.sum": {
            "value": 163.64501801133156,
            "min": 9.14451815187931,
            "max": 163.64501801133156,
            "count": 36
        },
        "Seeker.Policy.CuriosityReward.mean": {
            "value": 0.01375664628892677,
            "min": 0.0,
            "max": 6.02633751463145,
            "count": 36
        },
        "Seeker.Policy.CuriosityReward.sum": {
            "value": 1.1142883494030684,
            "min": 0.0,
            "max": 96.4214002341032,
            "count": 36
        },
        "Seeker.IsTraining.mean": {
            "value": 1.0,
            "min": 1.0,
            "max": 1.0,
            "count": 36
        },
        "Seeker.IsTraining.sum": {
            "value": 1.0,
            "min": 1.0,
            "max": 1.0,
            "count": 36
        },
        "Seeker.Losses.PolicyLoss.mean": {
            "value": 0.29578784157832466,
            "min": 0.11970640689925482,
            "max": 0.4942876957667371,
            "count": 10
        },
        "Seeker.Losses.PolicyLoss.sum": {
            "value": 0.29578784157832466,
            "min": 0.11970640689925482,
            "max": 0.4942876957667371,
            "count": 10
        },
        "Seeker.Losses.ValueLoss.mean": {
            "value": 0.0015228417275163035,
            "min": 0.0015228417275163035,
            "max": 0.028634370615084965,
            "count": 10
        },
        "Seeker.Losses.ValueLoss.sum": {
            "value": 0.0015228417275163035,
            "min": 0.0015228417275163035,
            "max": 0.028634370615084965,
            "count": 10
        },
        "Seeker.Policy.LearningRate.mean": {
            "value": 0.0002950094116635299,
            "min": 0.0002950094116635299,
            "max": 0.00029939280020239994,
            "count": 10
        },
        "Seeker.Policy.LearningRate.sum": {
            "value": 0.0002950094116635299,
            "min": 0.0002950094116635299,
            "max": 0.00029939280020239994,
            "count": 10
        },
        "Seeker.Policy.Epsilon.mean": {
            "value": 0.19833647,
            "min": 0.19833647,
            "max": 0.19979760000000002,
            "count": 10
        },
        "Seeker.Policy.Epsilon.sum": {
            "value": 0.19833647,
            "min": 0.19833647,
            "max": 0.19979760000000002,
            "count": 10
        },
        "Seeker.Policy.Beta.mean": {
            "value": 0.001,
            "min": 0.001,
            "max": 0.001,
            "count": 10
        },
        "Seeker.Policy.Beta.sum": {
            "value": 0.001,
            "min": 0.001,
            "max": 0.001,
            "count": 10
        },
        "Seeker.Losses.CuriosityForwardLoss.mean": {
            "value": 0.024337669120480618,
            "min": 0.024337669120480618,
            "max": 29.321415891723028,
            "count": 10
        },
        "Seeker.Losses.CuriosityForwardLoss.sum": {
            "value": 0.024337669120480618,
            "min": 0.024337669120480618,
            "max": 29.321415891723028,
            "count": 10
        },
        "Seeker.Losses.CuriosityInverseLoss.mean": {
            "value": 0.3877033943931262,
            "min": 0.3877033943931262,
            "max": 1.4051833796122717,
            "count": 10
        },
        "Seeker.Losses.CuriosityInverseLoss.sum": {
            "value": 0.3877033943931262,
            "min": 0.3877033943931262,
            "max": 1.4051833796122717,
            "count": 10
        }
    },
    "metadata": {
        "timer_format_version": "0.1.0",
        "start_time_seconds": "1727117711",
        "python_version": "3.10.0 (tags/v3.10.0:b494f59, Oct  4 2021, 19:00:18) [MSC v.1929 64 bit (AMD64)]",
        "command_line_arguments": "C:\\Users\\Merijn\\Documents\\GitHub\\ML-Deep-Reinforcement-Learning\\Machine-Learning-DRL\\venv\\Scripts\\mlagents-learn results/ppo/SR_Training_config.yaml --run-id=SeekerTrainingWall4",
        "mlagents_version": "0.30.0",
        "mlagents_envs_version": "0.30.0",
        "communication_protocol_version": "1.5.0",
        "pytorch_version": "2.4.1+cpu",
        "numpy_version": "1.21.2",
        "end_time_seconds": "1727117854"
    },
    "total": 142.50981479999973,
    "count": 1,
    "self": 0.00819240000055288,
    "children": {
        "run_training.setup": {
            "total": 0.05976539999937813,
            "count": 1,
            "self": 0.05976539999937813
        },
        "TrainerController.start_learning": {
            "total": 142.4418569999998,
            "count": 1,
            "self": 0.34892740001123457,