{
    "name": "root",
    "gauges": {
        "Seeker.Policy.Entropy.mean": {
            "value": 0.9365534782409668,
            "min": 0.9365534782409668,
            "max": 1.3854546546936035,
            "count": 24
        },
        "Seeker.Policy.Entropy.sum": {
            "value": 4540.4111328125,
            "min": 4540.4111328125,
            "max": 8113.22265625,
            "count": 24
        },
        "Seeker.Environment.LessonNumber.TrainingArea.mean": {
            "value": 0.0,
            "min": 0.0,
            "max": 0.0,
            "count": 24
        },
        "Seeker.Environment.LessonNumber.TrainingArea.sum": {
            "value": 0.0,
            "min": 0.0,
            "max": 0.0,
            "count": 24
        },
        "Seeker.Step.mean": {
            "value": 119966.0,
            "min": 4944.0,
            "max": 119966.0,
            "count": 24
        },
        "Seeker.Step.sum": {
            "value": 119966.0,
            "min": 4944.0,
            "max": 119966.0,
            "count": 24
        },
        "Seeker.Policy.ExtrinsicValueEstimate.mean": {
            "value": 0.7908357381820679,
            "min": 0.41205525398254395,
            "max": 0.8562785387039185,
            "count": 24
        },
        "Seeker.Policy.ExtrinsicValueEstimate.sum": {
            "value": 78.29273986816406,
            "min": 34.612640380859375,
            "max": 81.50261688232422,
            "count": 24
        },
        "Seeker.Policy.CuriosityValueEstimate.mean": {
            "value": 0.6171603798866272,
            "min": 0.16789504885673523,
            "max": 0.6171603798866272,
            "count": 24
        },
        "Seeker.Policy.CuriosityValueEstimate.sum": {
            "value": 61.098876953125,
            "min": 13.93528938293457,
            "max": 61.098876953125,
            "count": 24
        },
        "Seeker.Environment.EpisodeLength.mean": {
            "value": 113.06382978723404,
            "min": 113.06382978723404,
            "max": 300.0,
            "count": 24
        },
        "Seeker.Environment.EpisodeLength.sum": {
            "value": 5314.0,
            "min": 4455.0,
            "max": 5832.0,
            "count": 24
        },
        "Seeker.Self-play.ELO.mean": {
            "value": 706.7976894743595,
            "min": 706.7976894743595,
            "max": 1191.5087411239085,
            "count": 24
        },
        "Seeker.Self-play.ELO.sum": {
            "value": 33219.491405294895,
            "min": 15998.002142590529,
            "max": 33219.491405294895,
            "count": 24
        },
        "Seeker.Environment.CumulativeReward.mean": {
            "value": 2.7187238192938743,
            "min": 0.9233626126078889,
            "max": 3.8325170015587524,
            "count": 24
        },
        "Seeker.Environment.CumulativeReward.sum": {
            "value": 127.7800195068121,
            "min": 14.773801801726222,
            "max": 127.7800195068121,
            "count": 24
        },
        "Seeker.Policy.ExtrinsicReward.mean": {
            "value": 2.7187238192938743,
            "min": 0.9233626126078889,
            "max": 3.8325170015587524,
            "count": 24
        },
        "Seeker.Policy.ExtrinsicReward.sum": {
            "value": 127.7800195068121,
            "min": 14.773801801726222,
            "max": 127.7800195068121,
            "count": 24
        },
        "Seeker.Policy.CuriosityReward.mean": {
            "value": 0.0755010263429598,
            "min": 0.0,
            "max": 3.6226380448788404,
            "count": 24
        },
        "Seeker.Policy.CuriosityReward.sum": {
            "value": 3.5485482381191105,
            "min": 0.0,
            "max": 57.96220871806145,
            "count": 24
        },
        "Seeker.IsTraining.mean": {
            "value": 1.0,
            "min": 1.0,
            "max": 1.0,
            "count": 24
        },
        "Seeker.IsTraining.sum": {
            "value": 1.0,
            "min": 1.0,
            "max": 1.0,
            "count": 24
        },
        "Seeker.Losses.PolicyLoss.mean": {
            "value": 0.13821926181359837,
            "min": 0.1297128461107301,
            "max": 0.158191773109138,
            "count": 6
        },
        "Seeker.Losses.PolicyLoss.sum": {
            "value": 0.13821926181359837,
            "min": 0.1297128461107301,
            "max": 0.158191773109138,
            "count": 6
        },
        "Seeker.Losses.ValueLoss.mean": {
            "value": 0.015554934150228898,
            "min": 0.015267784241586924,
            "max": 0.028052869910699507,
            "count": 6
        },
        "Seeker.Losses.ValueLoss.sum": {
            "value": 0.015554934150228898,
            "min": 0.015267784241586924,
            "max": 0.028052869910699507,
            "count": 6
        },
        "Seeker.Policy.LearningRate.mean": {
            "value": 0.00029659899113367006,
            "min": 0.00029659899113367006,
            "max": 0.00029939280020239994,
            "count": 6
        },
        "Seeker.Policy.LearningRate.sum": {
            "value": 0.00029659899113367006,
            "min": 0.00029659899113367006,
            "max": 0.00029939280020239994,
            "count": 6
        },
        "Seeker.Policy.Epsilon.mean": {
            "value": 0.19886632999999998,
            "min": 0.19886632999999998,
            "max": 0.19979760000000002,
            "count": 6
        },
        "Seeker.Policy.Epsilon.sum": {
            "value": 0.19886632999999998,
            "min": 0.19886632999999998,
            "max": 0.19979760000000002,
            "count": 6
        },
        "Seeker.Policy.Beta.mean": {
            "value": 0.001,
            "min": 0.001,
            "max": 0.001,
            "count": 6
        },
        "Seeker.Policy.Beta.sum": {
            "value": 0.001,
            "min": 0.001,
            "max": 0.001,
            "count": 6
        },
        "Seeker.Losses.CuriosityForwardLoss.mean": {
            "value": 0.07666982902834812,
            "min": 0.07666982902834812,
            "max": 31.033679468291147,
            "count": 6
        },
        "Seeker.Losses.CuriosityForwardLoss.sum": {
            "value": 0.07666982902834812,
            "min": 0.07666982902834812,
            "max": 31.033679468291147,
            "count": 6
        },
        "Seeker.Losses.CuriosityInverseLoss.mean": {
            "value": 1.0693655490875245,
            "min": 1.0693655490875245,
            "max": 1.3987260110794553,
            "count": 6
        },
        "Seeker.Losses.CuriosityInverseLoss.sum": {
            "value": 1.0693655490875245,
            "min": 1.0693655490875245,
            "max": 1.3987260110794553,
            "count": 6
        }
    },
    "metadata": {
        "timer_format_version": "0.1.0",
        "start_time_seconds": "1727117568",
        "python_version": "3.10.0 (tags/v3.10.0:b494f59, Oct  4 2021, 19:00:18) [MSC v.1929 64 bit (AMD64)]",
        "command_line_arguments": "C:\\Users\\Merijn\\Documents\\GitHub\\ML-Deep-Reinforcement-Learning\\Machine-Learning-DRL\\venv\\Scripts\\mlagents-learn results/ppo/SR_Training_config.yaml --run-id=SeekerTrainingWall3",
        "mlagents_version": "0.30.0",
        "mlagents_envs_version": "0.30.0",
        "communication_protocol_version": "1.5.0",
        "pytorch_version": "2.4.1+cpu",
        "numpy_version": "1.21.2",
        "end_time_seconds": "1727117654"
    },
    "total": 86.54786719999902,
    "count": 1,
    "self": 0.008191299999452895,
    "children": {
        "run_training.setup": {
            "total": 0.063723299999765,
            "count": 1,
            "self": 0.063723299999765
        },
        "TrainerController.start_learning": {
            "total": 86.4759525999998,
            "count": 1,
            "self": 0.22148879999440396,