{
    "name": "root",
    "gauges": {
        "Seeker.Policy.Entropy.mean": {
            "value": 0.3753741383552551,
            "min": 0.34634193778038025,
            "max": 1.3851615190505981,
            "count": 77
        },
        "Seeker.Policy.Entropy.sum": {
            "value": 1981.9754638671875,
            "min": 1612.568115234375,
            "max": 7557.29052734375,
            "count": 77
        },
        "Seeker.Environment.LessonNumber.TrainingArea.mean": {
            "value": 2.0,
            "min": 0.0,
            "max": 2.0,
            "count": 77
        },
        "Seeker.Environment.LessonNumber.TrainingArea.sum": {
            "value": 2.0,
            "min": 0.0,
            "max": 2.0,
            "count": 77
        },
        "Seeker.Step.mean": {
            "value": 384944.0,
            "min": 4992.0,
            "max": 384944.0,
            "count": 77
        },
        "Seeker.Step.sum": {
            "value": 384944.0,
            "min": 4992.0,
            "max": 384944.0,
            "count": 77
        },
        "Seeker.Policy.ExtrinsicValueEstimate.mean": {
            "value": 2.78137469291687,
            "min": -0.2834221124649048,
            "max": 2.78137469291687,
            "count": 77
        },
        "Seeker.Policy.ExtrinsicValueEstimate.sum": {
            "value": 216.9472198486328,
            "min": -24.941146850585938,
            "max": 216.9472198486328,
            "count": 77
        },
        "Seeker.Policy.CuriosityValueEstimate.mean": {
            "value": 0.6462982892990112,
            "min": -0.004854467697441578,
            "max": 1.0115550756454468,
            "count": 77
        },
        "Seeker.Policy.CuriosityValueEstimate.sum": {
            "value": 50.4112663269043,
            "min": -0.42233869433403015,
            "max": 82.38395690917969,
            "count": 77
        },
        "Seeker.IsTraining.mean": {
            "value": 1.0,
            "min": 1.0,
            "max": 1.0,
            "count": 77
        },
        "Seeker.IsTraining.sum": {
            "value": 1.0,
            "min": 1.0,
            "max": 1.0,
            "count": 77
        },
        "Seeker.Environment.EpisodeLength.mean": {
            "value": 602.0,
            "min": 600.0,
            "max": 603.0,
            "count": 38
        },
        "Seeker.Environment.EpisodeLength.sum": {
            "value": 9632.0,
            "min": 9600.0,
            "max": 9648.0,
            "count": 38
        },
        "Seeker.Self-play.ELO.mean": {
            "value": 604.6613951630748,
            "min": 604.6613951630748,
            "max": 1191.5087411239085,
            "count": 38
        },
        "Seeker.Self-play.ELO.sum": {
            "value": 9674.582322609196,
            "min": 9674.582322609196,
            "max": 19064.139857982536,
            "count": 38
        },
        "Seeker.Environment.CumulativeReward.mean": {
            "value": 22.807228986173868,
            "min": -0.28258497454226017,
            "max": 22.807228986173868,
            "count": 42
        },
        "Seeker.Environment.CumulativeReward.sum": {
            "value": 364.9156637787819,
            "min": -4.521359592676163,
            "max": 364.9156637787819,
            "count": 42
        },
        "Seeker.Policy.ExtrinsicReward.mean": {
            "value": 22.807228986173868,
            "min": -0.28258497454226017,
            "max": 22.807228986173868,
            "count": 42
        },
        "Seeker.Policy.ExtrinsicReward.sum": {
            "value": 364.9156637787819,
            "min": -4.521359592676163,
            "max": 364.9156637787819,
            "count": 42
        },
        "Seeker.Policy.CuriosityReward.mean": {
            "value": 0.30999259286909364,
            "min": 0.0,
            "max": 12.156376626342535,
            "count": 42
        },
        "Seeker.Policy.CuriosityReward.sum": {
            "value": 4.959881485905498,
            "min": 0.0,
            "max": 194.50202602148056,
            "count": 42
        },
        "Seeker.Losses.PolicyLoss.mean": {
            "value": 0.0945019108010456,
            "min": 0.06705466429411899,
            "max": 0.10489302175119519,
            "count": 19
        },
        "Seeker.Losses.PolicyLoss.sum": {
            "value": 0.0945019108010456,
            "min": 0.06705466429411899,
            "max": 0.10489302175119519,
            "count": 19
        },
        "Seeker.Losses.ValueLoss.mean": {
            "value": 0.009410072324681096,
            "min": 0.00872308450343553,
            "max": 0.04624558100476861,
            "count": 19
        },
        "Seeker.Losses.ValueLoss.sum": {
            "value": 0.009410072324681096,
            "min": 0.00872308450343553,
            "max": 0.04624558100476861,
            "count": 19
        },
        "Seeker.Policy.LearningRate.mean": {
            "value": 0.0003,
            "min": 0.0003,
            "max": 0.0003,
            "count": 19
        },
        "Seeker.Policy.LearningRate.sum": {
            "value": 0.0003,
            "min": 0.0003,
            "max": 0.0003,
            "count": 19
        },
        "Seeker.Policy.Epsilon.mean": {
            "value": 0.15,
            "min": 0.15,
            "max": 0.15,
            "count": 19
        },
        "Seeker.Policy.Epsilon.sum": {
            "value": 0.15,
            "min": 0.15,
            "max": 0.15,
            "count": 19
        },
        "Seeker.Policy.Beta.mean": {
            "value": 0.003,
            "min": 0.003,
            "max": 0.003,
            "count": 19
        },
        "Seeker.Policy.Beta.sum": {
            "value": 0.003,
            "min": 0.003,
            "max": 0.003,
            "count": 19
        },
        "Seeker.Losses.CuriosityForwardLoss.mean": {
            "value": 0.05184966782107949,
            "min": 0.05184966782107949,
            "max": 9.991478481888771,
            "count": 19
        },
        "Seeker.Losses.CuriosityForwardLoss.sum": {
            "value": 0.05184966782107949,
            "min": 0.05184966782107949,
            "max": 9.991478481888771,
            "count": 19
        },
        "Seeker.Losses.CuriosityInverseLoss.mean": {
            "value": 0.05334064131602645,
            "min": 0.05334064131602645,
            "max": 1.2534224927425384,
            "count": 19
        },
        "Seeker.Losses.CuriosityInverseLoss.sum": {
            "value": 0.05334064131602645,
            "min": 0.05334064131602645,
            "max": 1.2534224927425384,
            "count": 19
        }
    },
    "metadata": {
        "timer_format_version": "0.1.0",
        "start_time_seconds": "1727126111",
        "python_version": "3.10.0 (tags/v3.10.0:b494f59, Oct  4 2021, 19:00:18) [MSC v.1929 64 bit (AMD64)]",
        "command_line_arguments": "C:\\Users\\Merijn\\Documents\\GitHub\\ML-Deep-Reinforcement-Learning\\Machine-Learning-DRL\\venv\\Scripts\\mlagents-learn results/ppo/SR_Training_config.yaml --run-id=SeekerTrainingWall16",
        "mlagents_version": "0.30.0",
        "mlagents_envs_version": "0.30.0",
        "communication_protocol_version": "1.5.0",
        "pytorch_version": "2.4.1+cpu",
        "numpy_version": "1.21.2",
        "end_time_seconds": "1727126439"
    },
    "total": 327.54747470000075,
    "count": 1,
    "self": 0.007327600000280654,
    "children": {
        "run_training.setup": {
            "total": 0.06114940000043134,
            "count": 1,
            "self": 0.06114940000043134
        },
        "TrainerController.start_learning": {
            "total": 327.47899770000004,
            "count": 1,
            "self": 0.5961910000878561,
            "children": {
                "TrainerController._reset_env": {
                    "total": 7.751066100001481,
                    "count": 6,
                    "self": 7.751066100001481
                },