{
    "name": "root",
    "gauges": {
        "Seeker.Policy.Entropy.mean": {
            "value": 0.09328006953001022,
            "min": 0.09084216505289078,
            "max": 1.3857877254486084,
            "count": 156
        },
        "Seeker.Policy.Entropy.sum": {
            "value": 468.6390686035156,
            "min": 440.280517578125,
            "max": 8137.345703125,
            "count": 156
        },
        "Seeker.Environment.LessonNumber.TrainingArea.mean": {
            "value": 0.0,
            "min": 0.0,
            "max": 0.0,
            "count": 156
        },
        "Seeker.Environment.LessonNumber.TrainingArea.sum": {
            "value": 0.0,
            "min": 0.0,
            "max": 0.0,
            "count": 156
        },
        "Seeker.Step.mean": {
            "value": 779962.0,
            "min": 4944.0,
            "max": 779962.0,
            "count": 156
        },
        "Seeker.Step.sum": {
            "value": 779962.0,
            "min": 4944.0,
            "max": 779962.0,
            "count": 156
        },
        "Seeker.Policy.ExtrinsicValueEstimate.mean": {
            "value": 0.38697153329849243,
            "min": -0.04421890527009964,
            "max": 0.7675102353096008,
            "count": 156
        },
        "Seeker.Policy.ExtrinsicValueEstimate.sum": {
            "value": 41.01898193359375,
            "min": -3.6701691150665283,
            "max": 84.05575561523438,
            "count": 156
        },
        "Seeker.Policy.CuriosityValueEstimate.mean": {
            "value": 3.100649833679199,
            "min": 0.6333934664726257,
            "max": 3.100649833679199,
            "count": 156
        },
        "Seeker.Policy.CuriosityValueEstimate.sum": {
            "value": 328.66888427734375,
            "min": 52.571659088134766,
            "max": 345.6671142578125,
            "count": 156
        },
        "Seeker.Environment.EpisodeLength.mean": {
            "value": 61.876543209876544,
            "min": 60.926829268292686,
            "max": 300.0,
            "count": 156
        },
        "Seeker.Environment.EpisodeLength.sum": {
            "value": 5012.0,
            "min": 3995.0,
            "max": 6785.0,
            "count": 156
        },
        "Seeker.Self-play.ELO.mean": {
            "value": -636.4898300536126,
            "min": -636.4898300536126,
            "max": 1191.5087411239085,
            "count": 156
        },
        "Seeker.Self-play.ELO.sum": {
            "value": -51555.67623434262,
            "min": -54158.51775271153,
            "max": 38879.17015796636,
            "count": 156
        },
        "Seeker.Environment.CumulativeReward.mean": {
            "value": 2.1368753030896186,
            "min": 0.9111388670280576,
            "max": 5.17844911948556,
            "count": 156
        },
        "Seeker.Environment.CumulativeReward.sum": {
            "value": 170.9500242471695,
            "min": 14.578221872448921,
            "max": 173.54502004384995,
            "count": 156
        },
        "Seeker.Policy.ExtrinsicReward.mean": {
            "value": 2.1368753030896186,
            "min": 0.9111388670280576,
            "max": 5.17844911948556,
            "count": 156
        },
        "Seeker.Policy.ExtrinsicReward.sum": {
            "value": 170.9500242471695,
            "min": 14.578221872448921,
            "max": 173.54502004384995,
            "count": 156
        },
        "Seeker.Policy.CuriosityReward.mean": {
            "value": 0.0009953057298389468,
            "min": 0.0,
            "max": 7.041489914059639,
            "count": 156
        },
        "Seeker.Policy.CuriosityReward.sum": {
            "value": 0.07962445838711574,
            "min": 0.0,
            "max": 112.66383862495422,
            "count": 156
        },
        "Seeker.IsTraining.mean": {
            "value": 1.0,
            "min": 1.0,
            "max": 1.0,
            "count": 156
        },
        "Seeker.IsTraining.sum": {
            "value": 1.0,
            "min": 1.0,
            "max": 1.0,
            "count": 156
        },
        "Seeker.Losses.PolicyLoss.mean": {
            "value": 0.3877107625827193,
            "min": 0.08951488451954598,
            "max": 0.6343983312447866,
            "count": 52
        },
        "Seeker.Losses.PolicyLoss.sum": {
            "value": 0.3877107625827193,
            "min": 0.08951488451954598,
            "max": 0.6343983312447866,
            "count": 52
        },
        "Seeker.Losses.ValueLoss.mean": {
            "value": 0.0011978310916068342,
            "min": 0.0006225748763730129,
            "max": 0.0354794615569214,
            "count": 52
        },
        "Seeker.Losses.ValueLoss.sum": {
            "value": 0.0011978310916068342,
            "min": 0.0006225748763730129,
            "max": 0.0354794615569214,
            "count": 52
        },
        "Seeker.Policy.LearningRate.mean": {
            "value": 0.0002767159877613399,
            "min": 0.0002767159877613399,
            "max": 0.00029939280020239994,
            "count": 52
        },
        "Seeker.Policy.LearningRate.sum": {
            "value": 0.0002767159877613399,
            "min": 0.0002767159877613399,
            "max": 0.00029939280020239994,
            "count": 52
        },
        "Seeker.Policy.Epsilon.mean": {
            "value": 0.19223865999999995,
            "min": 0.19223865999999995,
            "max": 0.19979760000000002,
            "count": 52
        },
        "Seeker.Policy.Epsilon.sum": {
            "value": 0.19223865999999995,
            "min": 0.19223865999999995,
            "max": 0.19979760000000002,
            "count": 52
        },
        "Seeker.Policy.Beta.mean": {
            "value": 0.001,
            "min": 0.001,
            "max": 0.001,
            "count": 52
        },
        "Seeker.Policy.Beta.sum": {
            "value": 0.001,
            "min": 0.001,
            "max": 0.001,
            "count": 52
        },
        "Seeker.Losses.CuriosityForwardLoss.mean": {
            "value": 0.0016716737921039263,
            "min": 0.0016716737921039263,
            "max": 20.29700135617029,
            "count": 52
        },
        "Seeker.Losses.CuriosityForwardLoss.sum": {
            "value": 0.0016716737921039263,
            "min": 0.0016716737921039263,
            "max": 20.29700135617029,
            "count": 52
        },
        "Seeker.Losses.CuriosityInverseLoss.mean": {
            "value": 0.0015425482012991173,
            "min": 0.0015425482012991173,
            "max": 1.3935339715745714,
            "count": 52
        },
        "Seeker.Losses.CuriosityInverseLoss.sum": {
            "value": 0.0015425482012991173,
            "min": 0.0015425482012991173,
            "max": 1.3935339715745714,
            "count": 52
        }
    },
    "metadata": {
        "timer_format_version": "0.1.0",
        "start_time_seconds": "1727118440",
        "python_version": "3.10.0 (tags/v3.10.0:b494f59, Oct  4 2021, 19:00:18) [MSC v.1929 64 bit (AMD64)]",
        "command_line_arguments": "C:\\Users\\Merijn\\Documents\\GitHub\\ML-Deep-Reinforcement-Learning\\Machine-Learning-DRL\\venv\\Scripts\\mlagents-learn results/ppo/SR_Training_config.yaml --run-id=SeekerTrainingWall8",
        "mlagents_version": "0.30.0",
        "mlagents_envs_version": "0.30.0",
        "communication_protocol_version": "1.5.0",
        "pytorch_version": "2.4.1+cpu",
        "numpy_version": "1.21.2",
        "end_time_seconds": "1727119026"
    },
    "total": 586.0127772999986,
    "count": 1,
    "self": 0.008745200000703335,
    "children": {
        "run_training.setup": {
            "total": 0.06565570000020671,
            "count": 1,
            "self": 0.06565570000020671
        },
        "TrainerController.start_learning": {
            "total": 585.9383763999977,
            "count": 1,
            "self": 1.7129759000017657,