{
    "name": "root",
    "gauges": {
        "Seeker.Policy.Entropy.mean": {
            "value": 0.7748540043830872,
            "min": 0.7639982104301453,
            "max": 1.3844666481018066,
            "count": 54
        },
        "Seeker.Policy.Entropy.sum": {
            "value": 3967.25244140625,
            "min": 3322.702392578125,
            "max": 8107.4365234375,
            "count": 54
        },
        "Seeker.Environment.LessonNumber.TrainingArea.mean": {
            "value": 0.0,
            "min": 0.0,
            "max": 0.0,
            "count": 54
        },
        "Seeker.Environment.LessonNumber.TrainingArea.sum": {
            "value": 0.0,
            "min": 0.0,
            "max": 0.0,
            "count": 54
        },
        "Seeker.Step.mean": {
            "value": 269997.0,
            "min": 4944.0,
            "max": 269997.0,
            "count": 54
        },
        "Seeker.Step.sum": {
            "value": 269997.0,
            "min": 4944.0,
            "max": 269997.0,
            "count": 54
        },
        "Seeker.Policy.ExtrinsicValueEstimate.mean": {
            "value": 0.7872048020362854,
            "min": 0.308447003364563,
            "max": 0.9706405401229858,
            "count": 54
        },
        "Seeker.Policy.ExtrinsicValueEstimate.sum": {
            "value": 66.91240692138672,
            "min": 25.60110092163086,
            "max": 88.98133087158203,
            "count": 54
        },
        "Seeker.Policy.CuriosityValueEstimate.mean": {
            "value": 0.593189537525177,
            "min": 0.09892021864652634,
            "max": 0.737048864364624,
            "count": 54
        },
        "Seeker.Policy.CuriosityValueEstimate.sum": {
            "value": 50.42110824584961,
            "min": 8.111457824707031,
            "max": 78.7160415649414,
            "count": 54
        },
        "Seeker.Environment.EpisodeLength.mean": {
            "value": 276.1666666666667,
            "min": 102.7,
            "max": 300.0,
            "count": 54
        },
        "Seeker.Environment.EpisodeLength.sum": {
            "value": 4971.0,
            "min": 3571.0,
            "max": 6097.0,
            "count": 54
        },
        "Seeker.Self-play.ELO.mean": {
            "value": 17.812586295758877,
            "min": 17.812586295758877,
            "max": 1191.5087411239085,
            "count": 54
        },
        "Seeker.Self-play.ELO.sum": {
            "value": 320.6265533236598,
            "min": 320.6265533236598,
            "max": 31628.92336868434,
            "count": 54
        },
        "Seeker.Environment.CumulativeReward.mean": {
            "value": 5.29559180924767,
            "min": 0.5913705863058567,
            "max": 5.29559180924767,
            "count": 54
        },
        "Seeker.Environment.CumulativeReward.sum": {
            "value": 100.61624437570572,
            "min": 9.461929380893707,
            "max": 129.51500603556633,
            "count": 54
        },
        "Seeker.Policy.ExtrinsicReward.mean": {
            "value": 5.29559180924767,
            "min": 0.5913705863058567,
            "max": 5.29559180924767,
            "count": 54
        },
        "Seeker.Policy.ExtrinsicReward.sum": {
            "value": 100.61624437570572,
            "min": 9.461929380893707,
            "max": 129.51500603556633,
            "count": 54
        },
        "Seeker.Policy.CuriosityReward.mean": {
            "value": 0.05271410805442812,
            "min": 0.0,
            "max": 2.4238804234191775,
            "count": 54
        },
        "Seeker.Policy.CuriosityReward.sum": {
            "value": 1.0015680530341342,
            "min": 0.0,
            "max": 38.78208677470684,
            "count": 54
        },
        "Seeker.IsTraining.mean": {
            "value": 1.0,
            "min": 1.0,
            "max": 1.0,
            "count": 54
        },
        "Seeker.IsTraining.sum": {
            "value": 1.0,
            "min": 1.0,
            "max": 1.0,
            "count": 54
        },
        "Seeker.Losses.PolicyLoss.mean": {
            "value": 0.1468744184705429,
            "min": 0.11666175783708847,
            "max": 0.17463633995697211,
            "count": 14
        },
        "Seeker.Losses.PolicyLoss.sum": {
            "value": 0.1468744184705429,
            "min": 0.11666175783708847,
            "max": 0.17463633995697211,
            "count": 14
        },
        "Seeker.Losses.ValueLoss.mean": {
            "value": 0.04257089563955863,
            "min": 0.007433127604114512,
            "max": 0.04833254044254621,
            "count": 14
        },
        "Seeker.Losses.ValueLoss.sum": {
            "value": 0.04257089563955863,
            "min": 0.007433127604114512,
            "max": 0.04833254044254621,
            "count": 14
        },
        "Seeker.Policy.LearningRate.mean": {
            "value": 0.0002923671025443,
            "min": 0.0002923671025443,
            "max": 0.00029939280020239994,
            "count": 14
        },
        "Seeker.Policy.LearningRate.sum": {
            "value": 0.0002923671025443,
            "min": 0.0002923671025443,
            "max": 0.00029939280020239994,
            "count": 14
        },
        "Seeker.Policy.Epsilon.mean": {
            "value": 0.19745570000000007,
            "min": 0.19745570000000007,
            "max": 0.19979760000000002,
            "count": 14
        },
        "Seeker.Policy.Epsilon.sum": {
            "value": 0.19745570000000007,
            "min": 0.19745570000000007,
            "max": 0.19979760000000002,
            "count": 14
        },
        "Seeker.Policy.Beta.mean": {
            "value": 0.001,
            "min": 0.001,
            "max": 0.001,
            "count": 14
        },
        "Seeker.Policy.Beta.sum": {
            "value": 0.001,
            "min": 0.001,
            "max": 0.001,
            "count": 14
        },
        "Seeker.Losses.CuriosityForwardLoss.mean": {
            "value": 0.02392929441606005,
            "min": 0.019065053776527445,
            "max": 22.09945293267568,
            "count": 14
        },
        "Seeker.Losses.CuriosityForwardLoss.sum": {
            "value": 0.02392929441606005,
            "min": 0.019065053776527445,
            "max": 22.09945293267568,
            "count": 14
        },
        "Seeker.Losses.CuriosityInverseLoss.mean": {
            "value": 0.45611357341210046,
            "min": 0.45611357341210046,
            "max": 1.426744023958842,
            "count": 14
        },
        "Seeker.Losses.CuriosityInverseLoss.sum": {
            "value": 0.45611357341210046,
            "min": 0.45611357341210046,
            "max": 1.426744023958842,
            "count": 14
        }
    },
    "metadata": {
        "timer_format_version": "0.1.0",
        "start_time_seconds": "1727117866",
        "python_version": "3.10.0 (tags/v3.10.0:b494f59, Oct  4 2021, 19:00:18) [MSC v.1929 64 bit (AMD64)]",
        "command_line_arguments": "C:\\Users\\Merijn\\Documents\\GitHub\\ML-Deep-Reinforcement-Learning\\Machine-Learning-DRL\\venv\\Scripts\\mlagents-learn results/ppo/SR_Training_config.yaml --run-id=SeekerTrainingWall5",
        "mlagents_version": "0.30.0",
        "mlagents_envs_version": "0.30.0",
        "communication_protocol_version": "1.5.0",
        "pytorch_version": "2.4.1+cpu",
        "numpy_version": "1.21.2",
        "end_time_seconds": "1727118061"
    },
    "total": 195.01007580000078,
    "count": 1,
    "self": 0.0071408000021619955,
    "children": {
        "run_training.setup": {
            "total": 0.059406799999123905,
            "count": 1,
            "self": 0.059406799999123905
        },
        "TrainerController.start_learning": {
            "total": 194.9435281999995,
            "count": 1,
            "self": 0.5946663000668195,