{
    "name": "root",
    "gauges": {
        "Seeker.Policy.Entropy.mean": {
            "value": 0.8949815630912781,
            "min": 0.6610280871391296,
            "max": 1.3860411643981934,
            "count": 40
        },
        "Seeker.Policy.Entropy.sum": {
            "value": 4353.1904296875,
            "min": 2988.6376953125,
            "max": 8138.6318359375,
            "count": 40
        },
        "Seeker.Environment.LessonNumber.TrainingArea.mean": {
            "value": 0.0,
            "min": 0.0,
            "max": 0.0,
            "count": 40
        },
        "Seeker.Environment.LessonNumber.TrainingArea.sum": {
            "value": 0.0,
            "min": 0.0,
            "max": 0.0,
            "count": 40
        },
        "Seeker.Step.mean": {
            "value": 199966.0,
            "min": 4944.0,
            "max": 199966.0,
            "count": 40
        },
        "Seeker.Step.sum": {
            "value": 199966.0,
            "min": 4944.0,
            "max": 199966.0,
            "count": 40
        },
        "Seeker.Policy.ExtrinsicValueEstimate.mean": {
            "value": 1.1431714296340942,
            "min": 0.4327443540096283,
            "max": 1.1431714296340942,
            "count": 40
        },
        "Seeker.Policy.ExtrinsicValueEstimate.sum": {
            "value": 94.88323211669922,
            "min": 36.35052490234375,
            "max": 94.88323211669922,
            "count": 40
        },
        "Seeker.Policy.CuriosityValueEstimate.mean": {
            "value": 0.9294639229774475,
            "min": 0.31781652569770813,
            "max": 1.1014567613601685,
            "count": 40
        },
        "Seeker.Policy.CuriosityValueEstimate.sum": {
            "value": 77.1455078125,
            "min": 26.378772735595703,
            "max": 144.5064697265625,
            "count": 40
        },
        "Seeker.Environment.EpisodeLength.mean": {
            "value": 299.0,
            "min": 73.2,
            "max": 300.0,
            "count": 40
        },
        "Seeker.Environment.EpisodeLength.sum": {
            "value": 5083.0,
            "min": 3586.0,
            "max": 6502.0,
            "count": 40
        },
        "Seeker.Self-play.ELO.mean": {
            "value": 104.70356406855475,
            "min": 104.70356406855475,
            "max": 1191.5087411239085,
            "count": 40
        },
        "Seeker.Self-play.ELO.sum": {
            "value": 1779.9605891654307,
            "min": 1369.980091117061,
            "max": 35706.421811969616,
            "count": 40
        },
        "Seeker.Environment.CumulativeReward.mean": {
            "value": 5.0139396116137505,
            "min": 0.8388005900196731,
            "max": 5.171294555068016,
            "count": 40
        },
        "Seeker.Environment.CumulativeReward.sum": {
            "value": 80.22303378582001,
            "min": 13.42080944031477,
            "max": 149.68003131449223,
            "count": 40
        },
        "Seeker.Policy.ExtrinsicReward.mean": {
            "value": 5.0139396116137505,
            "min": 0.8388005900196731,
            "max": 5.171294555068016,
            "count": 40
        },
        "Seeker.Policy.ExtrinsicReward.sum": {
            "value": 80.22303378582001,
            "min": 13.42080944031477,
            "max": 149.68003131449223,
            "count": 40
        },
        "Seeker.Policy.CuriosityReward.mean": {
            "value": 0.09165167457831558,
            "min": 0.0,
            "max": 3.018153429031372,
            "count": 40
        },
        "Seeker.Policy.CuriosityReward.sum": {
            "value": 1.4664267932530493,
            "min": 0.0,
            "max": 48.29045486450195,
            "count": 40
        },
        "Seeker.IsTraining.mean": {
            "value": 1.0,
            "min": 1.0,
            "max": 1.0,
            "count": 40
        },
        "Seeker.IsTraining.sum": {
            "value": 1.0,
            "min": 1.0,
            "max": 1.0,
            "count": 40
        },
        "Seeker.Losses.PolicyLoss.mean": {
            "value": 0.15652040478695806,
            "min": 0.09384108650265262,
            "max": 0.20597803611308335,
            "count": 11
        },
        "Seeker.Losses.PolicyLoss.sum": {
            "value": 0.15652040478695806,
            "min": 0.09384108650265262,
            "max": 0.20597803611308335,
            "count": 11
        },
        "Seeker.Losses.ValueLoss.mean": {
            "value": 0.049144116874473794,
            "min": 0.004490062264570345,
            "max": 0.049144116874473794,
            "count": 11
        },
        "Seeker.Losses.ValueLoss.sum": {
            "value": 0.049144116874473794,
            "min": 0.004490062264570345,
            "max": 0.049144116874473794,
            "count": 11
        },
        "Seeker.Policy.LearningRate.mean": {
            "value": 0.0002943018018994001,
            "min": 0.0002943018018994001,
            "max": 0.00029939280020239994,
            "count": 11
        },
        "Seeker.Policy.LearningRate.sum": {
            "value": 0.0002943018018994001,
            "min": 0.0002943018018994001,
            "max": 0.00029939280020239994,
            "count": 11
        },
        "Seeker.Policy.Epsilon.mean": {
            "value": 0.19810060000000004,
            "min": 0.19810060000000004,
            "max": 0.19979760000000002,
            "count": 11
        },
        "Seeker.Policy.Epsilon.sum": {
            "value": 0.19810060000000004,
            "min": 0.19810060000000004,
            "max": 0.19979760000000002,
            "count": 11
        },
        "Seeker.Policy.Beta.mean": {
            "value": 0.001,
            "min": 0.001,
            "max": 0.001,
            "count": 11
        },
        "Seeker.Policy.Beta.sum": {
            "value": 0.001,
            "min": 0.001,
            "max": 0.001,
            "count": 11
        },
        "Seeker.Losses.CuriosityForwardLoss.mean": {
            "value": 0.031887244712561366,
            "min": 0.02467594084640344,
            "max": 18.985160579757085,
            "count": 11
        },
        "Seeker.Losses.CuriosityForwardLoss.sum": {
            "value": 0.031887244712561366,
            "min": 0.02467594084640344,
            "max": 18.985160579757085,
            "count": 11
        },
        "Seeker.Losses.CuriosityInverseLoss.mean": {
            "value": 0.6900464276472728,
            "min": 0.6539857854445775,
            "max": 1.3879691873277937,
            "count": 11
        },
        "Seeker.Losses.CuriosityInverseLoss.sum": {
            "value": 0.6900464276472728,
            "min": 0.6539857854445775,
            "max": 1.3879691873277937,
            "count": 11
        }
    },
    "metadata": {
        "timer_format_version": "0.1.0",
        "start_time_seconds": "1727117374",
        "python_version": "3.10.0 (tags/v3.10.0:b494f59, Oct  4 2021, 19:00:18) [MSC v.1929 64 bit (AMD64)]",
        "command_line_arguments": "C:\\Users\\Merijn\\Documents\\GitHub\\ML-Deep-Reinforcement-Learning\\Machine-Learning-DRL\\venv\\Scripts\\mlagents-learn results/ppo/SR_Training_config.yaml --run-id=SeekerTrainingWall2",
        "mlagents_version": "0.30.0",
        "mlagents_envs_version": "0.30.0",
        "communication_protocol_version": "1.5.0",
        "pytorch_version": "2.4.1+cpu",
        "numpy_version": "1.21.2",
        "end_time_seconds": "1727117522"
    },
    "total": 147.96448240000063,
    "count": 1,
    "self": 0.008665900000778493,
    "children": {
        "run_training.setup": {
            "total": 0.06112740000025951,
            "count": 1,
            "self": 0.06112740000025951
        },
        "TrainerController.start_learning": {
            "total": 147.8946890999996,
            "count": 1,
            "self": 0.397906199843419,