{
    "name": "root",
    "gauges": {
        "Seeker.Policy.Entropy.mean": {
            "value": 0.6876513361930847,
            "min": 0.6790661215782166,
            "max": 1.384921908378601,
            "count": 143
        },
        "Seeker.Policy.Entropy.sum": {
            "value": 3322.731201171875,
            "min": 2863.708740234375,
            "max": 8132.26171875,
            "count": 143
        },
        "Seeker.Environment.LessonNumber.TrainingArea.mean": {
            "value": 0.0,
            "min": 0.0,
            "max": 0.0,
            "count": 143
        },
        "Seeker.Environment.LessonNumber.TrainingArea.sum": {
            "value": 0.0,
            "min": 0.0,
            "max": 0.0,
            "count": 143
        },
        "Seeker.Step.mean": {
            "value": 714959.0,
            "min": 4944.0,
            "max": 714959.0,
            "count": 143
        },
        "Seeker.Step.sum": {
            "value": 714959.0,
            "min": 4944.0,
            "max": 714959.0,
            "count": 143
        },
        "Seeker.Policy.ExtrinsicValueEstimate.mean": {
            "value": 2.2838358879089355,
            "min": -0.16945002973079681,
            "max": 2.607419013977051,
            "count": 143
        },
        "Seeker.Policy.ExtrinsicValueEstimate.sum": {
            "value": 189.55838012695312,
            "min": -14.064352989196777,
            "max": 216.41578674316406,
            "count": 143
        },
        "Seeker.Policy.CuriosityValueEstimate.mean": {
            "value": -0.23745845258235931,
            "min": -0.2886393070220947,
            "max": 0.8327294588088989,
            "count": 143
        },
        "Seeker.Policy.CuriosityValueEstimate.sum": {
            "value": -19.70905113220215,
            "min": -23.957063674926758,
            "max": 71.66699981689453,
            "count": 143
        },
        "Seeker.Environment.EpisodeLength.mean": {
            "value": 299.0,
            "min": 216.77272727272728,
            "max": 300.0,
            "count": 142
        },
        "Seeker.Environment.EpisodeLength.sum": {
            "value": 4784.0,
            "min": 3887.0,
            "max": 9568.0,
            "count": 142
        },
        "Seeker.Self-play.ELO.mean": {
            "value": -277.1366187957765,
            "min": -277.1366187957765,
            "max": 1191.5087411239085,
            "count": 143
        },
        "Seeker.Self-play.ELO.sum": {
            "value": -4434.185900732424,
            "min": -4434.185900732424,
            "max": 21777.96936998084,
            "count": 143
        },
        "Seeker.Environment.CumulativeReward.mean": {
            "value": 12.740298561751842,
            "min": -13.285825722983905,
            "max": 12.982594311237335,
            "count": 143
        },
        "Seeker.Environment.CumulativeReward.sum": {
            "value": 203.84477698802948,
            "min": -279.002340182662,
            "max": 254.4396095275879,
            "count": 143
        },
        "Seeker.Policy.ExtrinsicReward.mean": {
            "value": 12.740298561751842,
            "min": -13.285825722983905,
            "max": 12.982594311237335,
            "count": 143
        },
        "Seeker.Policy.ExtrinsicReward.sum": {
            "value": 203.84477698802948,
            "min": -279.002340182662,
            "max": 254.4396095275879,
            "count": 143
        },
        "Seeker.Policy.CuriosityReward.mean": {
            "value": 0.008601613532846386,
            "min": 0.0,
            "max": 6.616481306962669,
            "count": 143
        },
        "Seeker.Policy.CuriosityReward.sum": {
            "value": 0.13762581652554218,
            "min": 0.0,
            "max": 105.8637009114027,
            "count": 143
        },
        "Seeker.IsTraining.mean": {
            "value": 1.0,
            "min": 1.0,
            "max": 1.0,
            "count": 143
        },
        "Seeker.IsTraining.sum": {
            "value": 1.0,
            "min": 1.0,
            "max": 1.0,
            "count": 143
        },
        "Seeker.Losses.PolicyLoss.mean": {
            "value": 0.16452285901658117,
            "min": 0.11637543141841888,
            "max": 0.1769555155779161,
            "count": 36
        },
        "Seeker.Losses.PolicyLoss.sum": {
            "value": 0.16452285901658117,
            "min": 0.11637543141841888,
            "max": 0.1769555155779161,
            "count": 36
        },
        "Seeker.Losses.ValueLoss.mean": {
            "value": 0.13113229321168055,
            "min": 0.029997652443125845,
            "max": 1.6593338002761204,
            "count": 36
        },
        "Seeker.Losses.ValueLoss.sum": {
            "value": 0.13113229321168055,
            "min": 0.029997652443125845,
            "max": 1.6593338002761204,
            "count": 36
        },
        "Seeker.Policy.LearningRate.mean": {
            "value": 0.00027860883713038987,
            "min": 0.00027860883713038987,
            "max": 0.00029939280020239994,
            "count": 36
        },
        "Seeker.Policy.LearningRate.sum": {
            "value": 0.00027860883713038987,
            "min": 0.00027860883713038987,
            "max": 0.00029939280020239994,
            "count": 36
        },
        "Seeker.Policy.Epsilon.mean": {
            "value": 0.1928696100000001,
            "min": 0.1928696100000001,
            "max": 0.19979760000000002,
            "count": 36
        },
        "Seeker.Policy.Epsilon.sum": {
            "value": 0.1928696100000001,
            "min": 0.1928696100000001,
            "max": 0.19979760000000002,
            "count": 36
        },
        "Seeker.Policy.Beta.mean": {
            "value": 0.001,
            "min": 0.001,
            "max": 0.001,
            "count": 36
        },
        "Seeker.Policy.Beta.sum": {
            "value": 0.001,
            "min": 0.001,
            "max": 0.001,
            "count": 36
        },
        "Seeker.Losses.CuriosityForwardLoss.mean": {
            "value": 0.0023680449452339893,
            "min": 0.001727442712604349,
            "max": 22.62708853256135,
            "count": 36
        },
        "Seeker.Losses.CuriosityForwardLoss.sum": {
            "value": 0.0023680449452339893,
            "min": 0.001727442712604349,
            "max": 22.62708853256135,
            "count": 36
        },
        "Seeker.Losses.CuriosityInverseLoss.mean": {
            "value": 0.009143071796094615,
            "min": 0.008148728276691622,
            "max": 1.3872438990880573,
            "count": 36
        },
        "Seeker.Losses.CuriosityInverseLoss.sum": {
            "value": 0.009143071796094615,
            "min": 0.008148728276691622,
            "max": 1.3872438990880573,
            "count": 36
        }
    },
    "metadata": {
        "timer_format_version": "0.1.0",
        "start_time_seconds": "1727119627",
        "python_version": "3.10.0 (tags/v3.10.0:b494f59, Oct  4 2021, 19:00:18) [MSC v.1929 64 bit (AMD64)]",
        "command_line_arguments": "C:\\Users\\Merijn\\Documents\\GitHub\\ML-Deep-Reinforcement-Learning\\Machine-Learning-DRL\\venv\\Scripts\\mlagents-learn results/ppo/SR_Training_config.yaml --run-id=SeekerTrainingWall11",
        "mlagents_version": "0.30.0",
        "mlagents_envs_version": "0.30.0",
        "communication_protocol_version": "1.5.0",
        "pytorch_version": "2.4.1+cpu",
        "numpy_version": "1.21.2",
        "end_time_seconds": "1727120135"
    },
    "total": 507.9793271000017,
    "count": 1,
    "self": 0.007238300000608433,
    "children": {
        "run_training.setup": {
            "total": 0.05932620000021416,
            "count": 1,
            "self": 0.05932620000021416
        },
        "TrainerController.start_learning": {
            "total": 507.91276260000086,
            "count": 1,
            "self": 1.3974494000103732,