{"count":1,"self":64.3866816,"total":175.1181594,"children":{"InitializeActuators":{"count":12,"self":0.0040267,"total":0.0040267,"children":null},"InitializeSensors":{"count":12,"self":0.0040192,"total":0.0040192,"children":null},"AgentSendState":{"count":48907,"self":5.9572408,"total":9.9202415,"children":{"CollectObservations":{"count":78276,"self":0.38395599999999996,"total":0.38395599999999996,"children":null},"WriteActionMask":{"count":78276,"self":0.19147309999999998,"total":0.19147309999999998,"children":null},"RequestDecision":{"count":78276,"self":0.75818829999999993,"total":3.3875716,"children":{"AgentInfo.ToProto":{"count":78276,"self":0.4961423,"total":2.6293832999999998,"children":{"GenerateSensorData":{"count":78276,"self":1.7361483999999998,"total":2.133241,"children":{"RayPerceptionSensor.Perceive":{"count":78276,"self":0.39709269999999997,"total":0.39709269999999997,"children":null}}}}}}}}},"DecideAction":{"count":48907,"self":97.66334719999999,"total":97.663348599999992,"children":null},"AgentAct":{"count":48907,"self":3.0222832,"total":3.1110411,"children":{"AgentInfo.ToProto":{"count":1619,"self":0.020613899999999998,"total":0.0887579,"children":{"GenerateSensorData":{"count":1619,"self":0.0545209,"total":0.068144,"children":{"RayPerceptionSensor.Perceive":{"count":1619,"self":0.013623099999999999,"total":0.013623099999999999,"children":null}}}}}}},"AgentInfo.ToProto":{"count":424,"self":0.0119978,"total":0.027798,"children":{"GenerateSensorData":{"count":424,"self":0.0127882,"total":0.0158002,"children":{"RayPerceptionSensor.Perceive":{"count":424,"self":0.003012,"total":0.003012,"children":null}}}}}},"gauges":{"Runner.CumulativeReward":{"count":476,"max":1.30099964,"min":-0.998,"runningAverage":0.115474872,"value":-0.936000049,"weightedAverage":0.358836532},"Seeker.CumulativeReward":{"count":1567,"max":0.999,"min":-1.089,"runningAverage":-0.7105422,"value":-0.0669999644,"weightedAverage":0.08247379}},"metadata":{"timer_format_version":"0.1.0","start_time_seconds":"1727776225","unity_version":"2023.2.0f1","command_line_arguments":"C:\\Program Files\\Unity\\Hub\\Editor\\2023.2.0f1\\Editor\\Unity.exe -projectpath C:\\Users\\merli\\Documents\\Mediacollege\\schooljaar 3\\periode 1\\ML-Deep-Reinforcement-Learning\\Machine-Learning-DRL -useHub -hubIPC -cloudEnvironment production -licensingIpc LicenseClient-merli -hubSessionId 3fa7cc9f-afda-44eb-93fd-4c0dd27c7b35 -accessToken eSAYy4--jEioTwihsbfHDT4D8L9FFZe8rrt2FgbgBjc008f","communication_protocol_version":"1.5.0","com.unity.ml-agents_version":"2.0.1","scene_name":"Seeker&Runner(Merlijn)","end_time_seconds":"1727776400"}}