{"count":1,"self":754.5224192,"total":2025.6805992999998,"children":{"InitializeActuators":{"count":6,"self":0.0025138,"total":0.0025138,"children":null},"InitializeSensors":{"count":6,"self":0.0024998,"total":0.0024998,"children":null},"AgentSendState":{"count":1173001,"self":40.936988799999995,"total":69.7491476,"children":{"CollectObservations":{"count":469224,"self":3.8468231999999998,"total":3.8468231,"children":null},"WriteActionMask":{"count":469224,"self":1.2962114999999998,"total":1.2962114999999998,"children":null},"RequestDecision":{"count":469224,"self":4.9672952,"total":23.6691236,"children":{"AgentInfo.ToProto":{"count":469224,"self":3.6630748,"total":18.701828499999998,"children":{"GenerateSensorData":{"count":469224,"self":12.267824,"total":15.038753799999999,"children":{"RayPerceptionSensor.Perceive":{"count":469224,"self":2.7709294,"total":2.7709294,"children":null}}}}}}}}},"DecideAction":{"count":1173001,"self":1113.0802176,"total":1113.0802475,"children":null},"AgentAct":{"count":1173001,"self":87.7842112,"total":88.101762999999991,"children":{"AgentInfo.ToProto":{"count":5401,"self":0.0711704,"total":0.3175539,"children":{"GenerateSensorData":{"count":5401,"self":0.19732829999999998,"total":0.24638349999999998,"children":{"RayPerceptionSensor.Perceive":{"count":5401,"self":0.0490552,"total":0.0490552,"children":null}}}}}}},"AgentInfo.ToProto":{"count":4783,"self":0.0583182,"total":0.2199977,"children":{"GenerateSensorData":{"count":4783,"self":0.13140839999999998,"total":0.1616795,"children":{"RayPerceptionSensor.Perceive":{"count":4783,"self":0.0302711,"total":0.0302711,"children":null}}}}}},"gauges":{"Runner.CumulativeReward":{"count":5393,"max":5.14994574,"min":-15.1800432,"runningAverage":-5.5231657,"value":-3.064999,"weightedAverage":-1.65035069},"Seeker.CumulativeReward":{"count":4791,"max":24.5752258,"min":-1.2630564,"runningAverage":7.756403,"value":6.22000027,"weightedAverage":9.062431}},"metadata":{"timer_format_version":"0.1.0","start_time_seconds":"1729591573","unity_version":"2023.2.0f1","command_line_arguments":"C:\\Program Files\\Unity\\Hub\\Editor\\2023.2.0f1\\Editor\\Unity.exe -projectpath C:\\Users\\merli\\Documents\\Mediacollege\\schooljaar 3\\periode 1\\ML-Deep-Reinforcement-Learning\\Machine-Learning-DRL -useHub -hubIPC -cloudEnvironment production -licensingIpc LicenseClient-merli -hubSessionId 07b4c6bf-1797-4fcb-bef2-29e30640540a -accessToken 2x1WPW0qtYZQnhYQAT_8D-McYbot90Yp_Eo9WDCclTY008f","communication_protocol_version":"1.5.0","com.unity.ml-agents_version":"2.0.1","scene_name":"Seeker&Runner(Merlijn)","end_time_seconds":"1729593598"}}