{"count":1,"self":59.2457984,"total":153.7161893,"children":{"InitializeActuators":{"count":64,"self":0.0020171,"total":0.0020171,"children":null},"InitializeSensors":{"count":64,"self":0.0034990999999999998,"total":0.0034990999999999998,"children":null},"AgentSendState":{"count":32329,"self":8.14104,"total":15.314950099999999,"children":{"CollectObservations":{"count":138176,"self":0.51775799999999994,"total":0.51775799999999994,"children":null},"WriteActionMask":{"count":138176,"self":0.286269,"total":0.286269,"children":null},"RequestDecision":{"count":138176,"self":0.9645304,"total":6.369883,"children":{"AgentInfo.ToProto":{"count":138176,"self":1.7274387999999998,"total":5.4053526,"children":{"GenerateSensorData":{"count":138176,"self":3.1417184,"total":3.6779138,"children":{"RayPerceptionSensor.Perceive":{"count":138176,"self":0.5361954,"total":0.5361954,"children":null}}}}}}}}},"DecideAction":{"count":32329,"self":71.953279999999992,"total":71.953282399999992,"children":null},"AgentAct":{"count":32329,"self":6.8701384,"total":7.1543307999999994,"children":{"AgentInfo.ToProto":{"count":2327,"self":0.11381219999999999,"total":0.2841924,"children":{"GenerateSensorData":{"count":2327,"self":0.1653709,"total":0.17038019999999998,"children":{"RayPerceptionSensor.Perceive":{"count":2327,"self":0.0050092999999999995,"total":0.0050092999999999995,"children":null}}}}}}},"AgentInfo.ToProto":{"count":544,"self":0.0103448,"total":0.041291499999999995,"children":{"GenerateSensorData":{"count":544,"self":0.0239646,"total":0.030946699999999997,"children":{"RayPerceptionSensor.Perceive":{"count":544,"self":0.0069821,"total":0.0069821,"children":null}}}}}},"gauges":{"Seeker.CumulativeReward":{"count":2871,"max":15.4357729,"min":-1,"runningAverage":6.14927244,"value":6.999995,"weightedAverage":7.53937674}},"metadata":{"timer_format_version":"0.1.0","start_time_seconds":"1727131091","unity_version":"2023.2.0f1","command_line_arguments":"C:\\Program Files\\Unity\\Hub\\Editor\\2023.2.0f1\\Editor\\Unity.exe -projectpath C:\\Users\\Merijn\\Documents\\GitHub\\ML-Deep-Reinforcement-Learning\\Machine-Learning-DRL -useHub -hubIPC -cloudEnvironment production -licensingIpc LicenseClient-Merijn -hubSessionId 80272741-acc7-4f57-a93d-993bbec28d63 -accessToken -1adZb_sAjkizVHkpT11uoQKyDvZpJiWdOrmmdBotiA008f","communication_protocol_version":"1.5.0","com.unity.ml-agents_version":"2.0.1","scene_name":"Seeker&Runner","end_time_seconds":"1727131244"}}