{
    "name": "root",
    "gauges": {
        "Seeker.Policy.Entropy.mean": {
            "value": 0.6881598234176636,
            "min": 0.5207387208938599,
            "max": 1.385083794593811,
            "count": 131
        },
        "Seeker.Policy.Entropy.sum": {
            "value": 3479.3359375,
            "min": 2520.88134765625,
            "max": 8110.4873046875,
            "count": 131
        },
        "Seeker.Environment.LessonNumber.TrainingArea.mean": {
            "value": 0.0,
            "min": 0.0,
            "max": 0.0,
            "count": 131
        },
        "Seeker.Environment.LessonNumber.TrainingArea.sum": {
            "value": 0.0,
            "min": 0.0,
            "max": 0.0,
            "count": 131
        },
        "Seeker.Step.mean": {
            "value": 654941.0,
            "min": 4944.0,
            "max": 654941.0,
            "count": 131
        },
        "Seeker.Step.sum": {
            "value": 654941.0,
            "min": 4944.0,
            "max": 654941.0,
            "count": 131
        },
        "Seeker.Policy.ExtrinsicValueEstimate.mean": {
            "value": 1.1843520402908325,
            "min": -0.024817505851387978,
            "max": 1.4366912841796875,
            "count": 131
        },
        "Seeker.Policy.ExtrinsicValueEstimate.sum": {
            "value": 98.30121612548828,
            "min": -3.375180721282959,
            "max": 120.68206787109375,
            "count": 131
        },
        "Seeker.Policy.CuriosityValueEstimate.mean": {
            "value": 0.37884047627449036,
            "min": 0.004245868418365717,
            "max": 0.6047081351280212,
            "count": 131
        },
        "Seeker.Policy.CuriosityValueEstimate.sum": {
            "value": 31.44375991821289,
            "min": 0.3524070978164673,
            "max": 81.66584777832031,
            "count": 131
        },
        "Seeker.Environment.EpisodeLength.mean": {
            "value": 288.0,
            "min": 69.76712328767124,
            "max": 300.0,
            "count": 131
        },
        "Seeker.Environment.EpisodeLength.sum": {
            "value": 4608.0,
            "min": 1532.0,
            "max": 6874.0,
            "count": 131
        },
        "Seeker.Self-play.ELO.mean": {
            "value": -468.0997333012034,
            "min": -468.0997333012034,
            "max": 1191.5087411239085,
            "count": 131
        },
        "Seeker.Self-play.ELO.sum": {
            "value": -7489.595732819254,
            "min": -15712.416934934436,
            "max": 33548.96604292958,
            "count": 131
        },
        "Seeker.Environment.CumulativeReward.mean": {
            "value": 4.850368976593018,
            "min": 0.6839117973577231,
            "max": 5.23893208305041,
            "count": 131
        },
        "Seeker.Environment.CumulativeReward.sum": {
            "value": 77.60590362548828,
            "min": 10.94258875772357,
            "max": 136.1150066256523,
            "count": 131
        },
        "Seeker.Policy.ExtrinsicReward.mean": {
            "value": 4.850368976593018,
            "min": 0.6839117973577231,
            "max": 5.23893208305041,
            "count": 131
        },
        "Seeker.Policy.ExtrinsicReward.sum": {
            "value": 77.60590362548828,
            "min": 10.94258875772357,
            "max": 136.1150066256523,
            "count": 131
        },
        "Seeker.Policy.CuriosityReward.mean": {
            "value": 0.00794546767610882,
            "min": 0.0,
            "max": 4.526872107759118,
            "count": 131
        },
        "Seeker.Policy.CuriosityReward.sum": {
            "value": 0.1271274828177411,
            "min": 0.0,
            "max": 72.42995372414589,
            "count": 131
        },
        "Seeker.IsTraining.mean": {
            "value": 1.0,
            "min": 1.0,
            "max": 1.0,
            "count": 131
        },
        "Seeker.IsTraining.sum": {
            "value": 1.0,
            "min": 1.0,
            "max": 1.0,
            "count": 131
        },
        "Seeker.Losses.PolicyLoss.mean": {
            "value": 0.13293678065141043,
            "min": 0.12151341356026629,
            "max": 0.2635955680704986,
            "count": 38
        },
        "Seeker.Losses.PolicyLoss.sum": {
            "value": 0.13293678065141043,
            "min": 0.12151341356026629,
            "max": 0.2635955680704986,
            "count": 38
        },
        "Seeker.Losses.ValueLoss.mean": {
            "value": 0.06514581210600832,
            "min": 0.0008748896138664956,
            "max": 0.07765743581112475,
            "count": 38
        },
        "Seeker.Losses.ValueLoss.sum": {
            "value": 0.06514581210600832,
            "min": 0.0008748896138664956,
            "max": 0.07765743581112475,
            "count": 38
        },
        "Seeker.Policy.LearningRate.mean": {
            "value": 0.00028086630637789994,
            "min": 0.00028086630637789994,
            "max": 0.00029939280020239994,
            "count": 38
        },
        "Seeker.Policy.LearningRate.sum": {
            "value": 0.00028086630637789994,
            "min": 0.00028086630637789994,
            "max": 0.00029939280020239994,
            "count": 38
        },
        "Seeker.Policy.Epsilon.mean": {
            "value": 0.19362210000000007,
            "min": 0.19362210000000007,
            "max": 0.19979760000000002,
            "count": 38
        },
        "Seeker.Policy.Epsilon.sum": {
            "value": 0.19362210000000007,
            "min": 0.19362210000000007,
            "max": 0.19979760000000002,
            "count": 38
        },
        "Seeker.Policy.Beta.mean": {
            "value": 0.001,
            "min": 0.001,
            "max": 0.001,
            "count": 38
        },
        "Seeker.Policy.Beta.sum": {
            "value": 0.001,
            "min": 0.001,
            "max": 0.001,
            "count": 38
        },
        "Seeker.Losses.CuriosityForwardLoss.mean": {
            "value": 0.0024756130122113975,
            "min": 0.0024756130122113975,
            "max": 33.82456501135751,
            "count": 38
        },
        "Seeker.Losses.CuriosityForwardLoss.sum": {
            "value": 0.0024756130122113975,
            "min": 0.0024756130122113975,
            "max": 33.82456501135751,
            "count": 38
        },
        "Seeker.Losses.CuriosityInverseLoss.mean": {
            "value": 0.008389855622469137,
            "min": 0.008028728313123186,
            "max": 1.402109804607573,
            "count": 38
        },
        "Seeker.Losses.CuriosityInverseLoss.sum": {
            "value": 0.008389855622469137,
            "min": 0.008028728313123186,
            "max": 1.402109804607573,
            "count": 38
        }
    },
    "metadata": {
        "timer_format_version": "0.1.0",
        "start_time_seconds": "1727119114",
        "python_version": "3.10.0 (tags/v3.10.0:b494f59, Oct  4 2021, 19:00:18) [MSC v.1929 64 bit (AMD64)]",
        "command_line_arguments": "C:\\Users\\Merijn\\Documents\\GitHub\\ML-Deep-Reinforcement-Learning\\Machine-Learning-DRL\\venv\\Scripts\\mlagents-learn results/ppo/SR_Training_config.yaml --run-id=SeekerTrainingWall9",
        "mlagents_version": "0.30.0",
        "mlagents_envs_version": "0.30.0",
        "communication_protocol_version": "1.5.0",
        "pytorch_version": "2.4.1+cpu",
        "numpy_version": "1.21.2",
        "end_time_seconds": "1727119592"
    },
    "total": 477.97700250000344,
    "count": 1,
    "self": 0.006963700001506368,
    "children": {
        "run_training.setup": {
            "total": 0.061976000000868225,
            "count": 1,
            "self": 0.061976000000868225
        },
        "TrainerController.start_learning": {
            "total": 477.90806280000106,
            "count": 1,
            "self": 1.463571199827129,